Kernel Name,Kernel Size,Section,Metric Name,Metric Unit,Value
sgemm_small,1024.0,speed_of_light,SM Frequency,Mhz,306.00
sgemm_small,1024.0,speed_of_light,Elapsed Cycles,cycle,5108589
sgemm_small,1024.0,speed_of_light,Memory Throughput,%,95.39
sgemm_small,1024.0,speed_of_light,Duration,s,0.01669
sgemm_small,1024.0,speed_of_light,L1/TEX Cache Throughput,%,97.53
sgemm_small,1024.0,speed_of_light,L2 Cache Throughput,%,78.73
sgemm_small,1024.0,speed_of_light,SM Active Cycles,cycle,5104443
sgemm_small,1024.0,speed_of_light,Compute (SM) Throughput,%,45.42
sgemm_small,1024.0,launch_statistics,Block Size,,64
sgemm_small,1024.0,launch_statistics,Function Cache Configuration,,CachePreferNone
sgemm_small,1024.0,launch_statistics,Grid Size,,4096
sgemm_small,1024.0,launch_statistics,Registers Per Thread,register/thread,60
sgemm_small,1024.0,launch_statistics,Shared Memory Configuration Size,Kbyte,102.40
sgemm_small,1024.0,launch_statistics,Driver Shared Memory Per Block,Kbyte/block,1.02
sgemm_small,1024.0,launch_statistics,Dynamic Shared Memory Per Block,byte/block,0
sgemm_small,1024.0,launch_statistics,Static Shared Memory Per Block,Kbyte/block,4.10
sgemm_small,1024.0,launch_statistics,# SMs,SM,8
sgemm_small,1024.0,launch_statistics,Threads,thread,262144
sgemm_small,1024.0,launch_statistics,Uses Green Context,,0
sgemm_small,1024.0,launch_statistics,Waves Per SM,,32
sgemm_small,1024.0,occupancy,Block Limit SM,block,16
sgemm_small,1024.0,occupancy,Block Limit Registers,block,16
sgemm_small,1024.0,occupancy,Block Limit Shared Mem,block,20
sgemm_small,1024.0,occupancy,Block Limit Warps,block,24
sgemm_small,1024.0,occupancy,Theoretical Active Warps per SM,warp,32
sgemm_small,1024.0,occupancy,Theoretical Occupancy,%,66.67
sgemm_small,1024.0,occupancy,Achieved Occupancy,%,65.78
sgemm_small,1024.0,occupancy,Achieved Active Warps Per SM,warp,31.58
sgemm_small,1024.0,gpu_and_memory_workload,Average L1 Active Cycles,cycle,5104443
sgemm_small,1024.0,gpu_and_memory_workload,Total L1 Elapsed Cycles,cycle,41749032
sgemm_small,1024.0,gpu_and_memory_workload,Average L2 Active Cycles,cycle,5103725.50
sgemm_small,1024.0,gpu_and_memory_workload,Total L2 Elapsed Cycles,cycle,20434348
sgemm_small,1024.0,gpu_and_memory_workload,Average SM Active Cycles,cycle,5104443
sgemm_small,1024.0,gpu_and_memory_workload,Total SM Elapsed Cycles,cycle,41749032
sgemm_small,1024.0,gpu_and_memory_workload,Average SMSP Active Cycles,cycle,5102771.38
sgemm_small,1024.0,gpu_and_memory_workload,Total SMSP Elapsed Cycles,cycle,166996128
sgemm_small,2048.0,speed_of_light,SM Frequency,Mhz,399.26
sgemm_small,2048.0,speed_of_light,Elapsed Cycles,cycle,40682742
sgemm_small,2048.0,speed_of_light,Memory Throughput,%,97.64
sgemm_small,2048.0,speed_of_light,Duration,s,0.1019
sgemm_small,2048.0,speed_of_light,L1/TEX Cache Throughput,%,97.66
sgemm_small,2048.0,speed_of_light,L2 Cache Throughput,%,81.45
sgemm_small,2048.0,speed_of_light,SM Active Cycles,cycle,40555274.12
sgemm_small,2048.0,speed_of_light,Compute (SM) Throughput,%,46.64
sgemm_small,2048.0,launch_statistics,Block Size,,64
sgemm_small,2048.0,launch_statistics,Function Cache Configuration,,CachePreferNone
sgemm_small,2048.0,launch_statistics,Grid Size,,16384
sgemm_small,2048.0,launch_statistics,Registers Per Thread,register/thread,60
sgemm_small,2048.0,launch_statistics,Shared Memory Configuration Size,Kbyte,102.40
sgemm_small,2048.0,launch_statistics,Driver Shared Memory Per Block,Kbyte/block,1.02
sgemm_small,2048.0,launch_statistics,Dynamic Shared Memory Per Block,byte/block,0
sgemm_small,2048.0,launch_statistics,Static Shared Memory Per Block,Kbyte/block,4.10
sgemm_small,2048.0,launch_statistics,# SMs,SM,8
sgemm_small,2048.0,launch_statistics,Threads,thread,1048576
sgemm_small,2048.0,launch_statistics,Uses Green Context,,0
sgemm_small,2048.0,launch_statistics,Waves Per SM,,128
sgemm_small,2048.0,occupancy,Block Limit SM,block,16
sgemm_small,2048.0,occupancy,Block Limit Registers,block,16
sgemm_small,2048.0,occupancy,Block Limit Shared Mem,block,20
sgemm_small,2048.0,occupancy,Block Limit Warps,block,24
sgemm_small,2048.0,occupancy,Theoretical Active Warps per SM,warp,32
sgemm_small,2048.0,occupancy,Theoretical Occupancy,%,66.67
sgemm_small,2048.0,occupancy,Achieved Occupancy,%,66.44
sgemm_small,2048.0,occupancy,Achieved Active Warps Per SM,warp,31.89
sgemm_small,2048.0,gpu_and_memory_workload,Average L1 Active Cycles,cycle,40555274.12
sgemm_small,2048.0,gpu_and_memory_workload,Total L1 Elapsed Cycles,cycle,324506328
sgemm_small,2048.0,gpu_and_memory_workload,Average L2 Active Cycles,cycle,40558146
sgemm_small,2048.0,gpu_and_memory_workload,Total L2 Elapsed Cycles,cycle,162730936
sgemm_small,2048.0,gpu_and_memory_workload,Average SM Active Cycles,cycle,40555274.12
sgemm_small,2048.0,gpu_and_memory_workload,Total SM Elapsed Cycles,cycle,324506328
sgemm_small,2048.0,gpu_and_memory_workload,Average SMSP Active Cycles,cycle,40554093.03
sgemm_small,2048.0,gpu_and_memory_workload,Total SMSP Elapsed Cycles,cycle,1298025312
sgemm_small,3072.0,speed_of_light,SM Frequency,Mhz,365.39
sgemm_small,3072.0,speed_of_light,Elapsed Cycles,cycle,139399301
sgemm_small,3072.0,speed_of_light,Memory Throughput,%,97.77
sgemm_small,3072.0,speed_of_light,Duration,s,0.38151
sgemm_small,3072.0,speed_of_light,L1/TEX Cache Throughput,%,97.78
sgemm_small,3072.0,speed_of_light,L2 Cache Throughput,%,80.47
sgemm_small,3072.0,speed_of_light,SM Active Cycles,cycle,136462338.50
sgemm_small,3072.0,speed_of_light,Compute (SM) Throughput,%,46.75
sgemm_small,3072.0,launch_statistics,Block Size,,64
sgemm_small,3072.0,launch_statistics,Function Cache Configuration,,CachePreferNone
sgemm_small,3072.0,launch_statistics,Grid Size,,36864
sgemm_small,3072.0,launch_statistics,Registers Per Thread,register/thread,60
sgemm_small,3072.0,launch_statistics,Shared Memory Configuration Size,Kbyte,102.40
sgemm_small,3072.0,launch_statistics,Driver Shared Memory Per Block,Kbyte/block,1.02
sgemm_small,3072.0,launch_statistics,Dynamic Shared Memory Per Block,byte/block,0
sgemm_small,3072.0,launch_statistics,Static Shared Memory Per Block,Kbyte/block,4.10
sgemm_small,3072.0,launch_statistics,# SMs,SM,8
sgemm_small,3072.0,launch_statistics,Threads,thread,2359296
sgemm_small,3072.0,launch_statistics,Uses Green Context,,0
sgemm_small,3072.0,launch_statistics,Waves Per SM,,288
sgemm_small,3072.0,occupancy,Block Limit SM,block,16
sgemm_small,3072.0,occupancy,Block Limit Registers,block,16
sgemm_small,3072.0,occupancy,Block Limit Shared Mem,block,20
sgemm_small,3072.0,occupancy,Block Limit Warps,block,24
sgemm_small,3072.0,occupancy,Theoretical Active Warps per SM,warp,32
sgemm_small,3072.0,occupancy,Theoretical Occupancy,%,66.67
sgemm_small,3072.0,occupancy,Achieved Occupancy,%,66.21
sgemm_small,3072.0,occupancy,Achieved Active Warps Per SM,warp,31.78
sgemm_small,3072.0,gpu_and_memory_workload,Average L1 Active Cycles,cycle,136462338.50
sgemm_small,3072.0,gpu_and_memory_workload,Total L1 Elapsed Cycles,cycle,1091794856
sgemm_small,3072.0,gpu_and_memory_workload,Average L2 Active Cycles,cycle,137225727
sgemm_small,3072.0,gpu_and_memory_workload,Total L2 Elapsed Cycles,cycle,557597124
sgemm_small,3072.0,gpu_and_memory_workload,Average SM Active Cycles,cycle,136462338.50
sgemm_small,3072.0,gpu_and_memory_workload,Total SM Elapsed Cycles,cycle,1091794856
sgemm_small,3072.0,gpu_and_memory_workload,Average SMSP Active Cycles,cycle,136441018.66
sgemm_small,3072.0,gpu_and_memory_workload,Total SMSP Elapsed Cycles,cycle,4367179424
sgemm_small,4096.0,speed_of_light,SM Frequency,Mhz,408.00
sgemm_small,4096.0,speed_of_light,Elapsed Cycles,cycle,358793616
sgemm_small,4096.0,speed_of_light,Memory Throughput,%,87.04
sgemm_small,4096.0,speed_of_light,Duration,s,0.8794
sgemm_small,4096.0,speed_of_light,L1/TEX Cache Throughput,%,88.31
sgemm_small,4096.0,speed_of_light,L2 Cache Throughput,%,76.28
sgemm_small,4096.0,speed_of_light,SM Active Cycles,cycle,357782284
sgemm_small,4096.0,speed_of_light,Compute (SM) Throughput,%,41.64
sgemm_small,4096.0,launch_statistics,Block Size,,64
sgemm_small,4096.0,launch_statistics,Function Cache Configuration,,CachePreferNone
sgemm_small,4096.0,launch_statistics,Grid Size,,65536
sgemm_small,4096.0,launch_statistics,Registers Per Thread,register/thread,60
sgemm_small,4096.0,launch_statistics,Shared Memory Configuration Size,Kbyte,102.40
sgemm_small,4096.0,launch_statistics,Driver Shared Memory Per Block,Kbyte/block,1.02
sgemm_small,4096.0,launch_statistics,Dynamic Shared Memory Per Block,byte/block,0
sgemm_small,4096.0,launch_statistics,Static Shared Memory Per Block,Kbyte/block,4.10
sgemm_small,4096.0,launch_statistics,# SMs,SM,8
sgemm_small,4096.0,launch_statistics,Threads,thread,4194304
sgemm_small,4096.0,launch_statistics,Uses Green Context,,0
sgemm_small,4096.0,launch_statistics,Waves Per SM,,512
sgemm_small,4096.0,occupancy,Block Limit SM,block,16
sgemm_small,4096.0,occupancy,Block Limit Registers,block,16
sgemm_small,4096.0,occupancy,Block Limit Shared Mem,block,20
sgemm_small,4096.0,occupancy,Block Limit Warps,block,24
sgemm_small,4096.0,occupancy,Theoretical Active Warps per SM,warp,32
sgemm_small,4096.0,occupancy,Theoretical Occupancy,%,66.67
sgemm_small,4096.0,occupancy,Achieved Occupancy,%,66.60
sgemm_small,4096.0,occupancy,Achieved Active Warps Per SM,warp,31.97
sgemm_small,4096.0,gpu_and_memory_workload,Average L1 Active Cycles,cycle,357782284
sgemm_small,4096.0,gpu_and_memory_workload,Total L1 Elapsed Cycles,cycle,2904104560
sgemm_small,4096.0,gpu_and_memory_workload,Average L2 Active Cycles,cycle,356494579.25
sgemm_small,4096.0,gpu_and_memory_workload,Total L2 Elapsed Cycles,cycle,1435174452
sgemm_small,4096.0,gpu_and_memory_workload,Average SM Active Cycles,cycle,357782284
sgemm_small,4096.0,gpu_and_memory_workload,Total SM Elapsed Cycles,cycle,2904104560
sgemm_small,4096.0,gpu_and_memory_workload,Average SMSP Active Cycles,cycle,353341684.28
sgemm_small,4096.0,gpu_and_memory_workload,Total SMSP Elapsed Cycles,cycle,11616418240
sgemm_small,5120.0,speed_of_light,SM Frequency,Mhz,408.00
sgemm_small,5120.0,speed_of_light,Elapsed Cycles,cycle,919712124
sgemm_small,5120.0,speed_of_light,Memory Throughput,%,65.08
sgemm_small,5120.0,speed_of_light,Duration,s,2.25
sgemm_small,5120.0,speed_of_light,L1/TEX Cache Throughput,%,66.63
sgemm_small,5120.0,speed_of_light,L2 Cache Throughput,%,58.93
sgemm_small,5120.0,speed_of_light,SM Active Cycles,cycle,925660117.12
sgemm_small,5120.0,speed_of_light,Compute (SM) Throughput,%,31.15
sgemm_small,5120.0,launch_statistics,Block Size,,64
sgemm_small,5120.0,launch_statistics,Function Cache Configuration,,CachePreferNone
sgemm_small,5120.0,launch_statistics,Grid Size,,102400
sgemm_small,5120.0,launch_statistics,Registers Per Thread,register/thread,60
sgemm_small,5120.0,launch_statistics,Shared Memory Configuration Size,Kbyte,102.40
sgemm_small,5120.0,launch_statistics,Driver Shared Memory Per Block,Kbyte/block,1.02
sgemm_small,5120.0,launch_statistics,Dynamic Shared Memory Per Block,byte/block,0
sgemm_small,5120.0,launch_statistics,Static Shared Memory Per Block,Kbyte/block,4.10
sgemm_small,5120.0,launch_statistics,# SMs,SM,8
sgemm_small,5120.0,launch_statistics,Threads,thread,6553600
sgemm_small,5120.0,launch_statistics,Uses Green Context,,0
sgemm_small,5120.0,launch_statistics,Waves Per SM,,800
sgemm_small,5120.0,occupancy,Block Limit SM,block,16
sgemm_small,5120.0,occupancy,Block Limit Registers,block,16
sgemm_small,5120.0,occupancy,Block Limit Shared Mem,block,20
sgemm_small,5120.0,occupancy,Block Limit Warps,block,24
sgemm_small,5120.0,occupancy,Theoretical Active Warps per SM,warp,32
sgemm_small,5120.0,occupancy,Theoretical Occupancy,%,66.67
sgemm_small,5120.0,occupancy,Achieved Occupancy,%,66.41
sgemm_small,5120.0,occupancy,Achieved Active Warps Per SM,warp,31.88
sgemm_small,5120.0,gpu_and_memory_workload,Average L1 Active Cycles,cycle,925660117.12
sgemm_small,5120.0,gpu_and_memory_workload,Total L1 Elapsed Cycles,cycle,7582242312
sgemm_small,5120.0,gpu_and_memory_workload,Average L2 Active Cycles,cycle,938261378.50
sgemm_small,5120.0,gpu_and_memory_workload,Total L2 Elapsed Cycles,cycle,3678848508
sgemm_small,5120.0,gpu_and_memory_workload,Average SM Active Cycles,cycle,925660117.12
sgemm_small,5120.0,gpu_and_memory_workload,Total SM Elapsed Cycles,cycle,7582242312
sgemm_small,5120.0,gpu_and_memory_workload,Average SMSP Active Cycles,cycle,935502728.72
sgemm_small,5120.0,gpu_and_memory_workload,Total SMSP Elapsed Cycles,cycle,30328969248
sgemm_small,6144.0,speed_of_light,SM Frequency,Mhz,407.69
sgemm_small,6144.0,speed_of_light,Elapsed Cycles,cycle,2526059054
sgemm_small,6144.0,speed_of_light,Memory Throughput,%,41.67
sgemm_small,6144.0,speed_of_light,Duration,s,6.20
sgemm_small,6144.0,speed_of_light,L1/TEX Cache Throughput,%,41.56
sgemm_small,6144.0,speed_of_light,L2 Cache Throughput,%,38.20
sgemm_small,6144.0,speed_of_light,SM Active Cycles,cycle,2561336008.25
sgemm_small,6144.0,speed_of_light,Compute (SM) Throughput,%,19.96
sgemm_small,6144.0,launch_statistics,Block Size,,64
sgemm_small,6144.0,launch_statistics,Function Cache Configuration,,CachePreferNone
sgemm_small,6144.0,launch_statistics,Grid Size,,147456
sgemm_small,6144.0,launch_statistics,Registers Per Thread,register/thread,60
sgemm_small,6144.0,launch_statistics,Shared Memory Configuration Size,Kbyte,102.40
sgemm_small,6144.0,launch_statistics,Driver Shared Memory Per Block,Kbyte/block,1.02
sgemm_small,6144.0,launch_statistics,Dynamic Shared Memory Per Block,byte/block,0
sgemm_small,6144.0,launch_statistics,Static Shared Memory Per Block,Kbyte/block,4.10
sgemm_small,6144.0,launch_statistics,# SMs,SM,8
sgemm_small,6144.0,launch_statistics,Threads,thread,9437184
sgemm_small,6144.0,launch_statistics,Uses Green Context,,0
sgemm_small,6144.0,launch_statistics,Waves Per SM,,1152
sgemm_small,6144.0,occupancy,Block Limit SM,block,16
sgemm_small,6144.0,occupancy,Block Limit Registers,block,16
sgemm_small,6144.0,occupancy,Block Limit Shared Mem,block,20
sgemm_small,6144.0,occupancy,Block Limit Warps,block,24
sgemm_small,6144.0,occupancy,Theoretical Active Warps per SM,warp,32
sgemm_small,6144.0,occupancy,Theoretical Occupancy,%,66.67
sgemm_small,6144.0,occupancy,Achieved Occupancy,%,66.57
sgemm_small,6144.0,occupancy,Achieved Active Warps Per SM,warp,31.95
sgemm_small,6144.0,gpu_and_memory_workload,Average L1 Active Cycles,cycle,2561336008.25
sgemm_small,6144.0,gpu_and_memory_workload,Total L1 Elapsed Cycles,cycle,20436749728
sgemm_small,6144.0,gpu_and_memory_workload,Average L2 Active Cycles,cycle,2552446443.50
sgemm_small,6144.0,gpu_and_memory_workload,Total L2 Elapsed Cycles,cycle,10104236176
sgemm_small,6144.0,gpu_and_memory_workload,Average SM Active Cycles,cycle,2561336008.25
sgemm_small,6144.0,gpu_and_memory_workload,Total SM Elapsed Cycles,cycle,20436749728
sgemm_small,6144.0,gpu_and_memory_workload,Average SMSP Active Cycles,cycle,2562572178.62
sgemm_small,6144.0,gpu_and_memory_workload,Total SMSP Elapsed Cycles,cycle,81746998912
sgemm_small,7168.0,speed_of_light,SM Frequency,Mhz,408.00
sgemm_small,7168.0,speed_of_light,Elapsed Cycles,cycle,6877798687
sgemm_small,7168.0,speed_of_light,Memory Throughput,%,25.51
sgemm_small,7168.0,speed_of_light,Duration,s,16.86
sgemm_small,7168.0,speed_of_light,L1/TEX Cache Throughput,%,25.15
sgemm_small,7168.0,speed_of_light,L2 Cache Throughput,%,22.43
sgemm_small,7168.0,speed_of_light,SM Active Cycles,cycle,6717105638
sgemm_small,7168.0,speed_of_light,Compute (SM) Throughput,%,12.23
sgemm_small,7168.0,launch_statistics,Block Size,,64
sgemm_small,7168.0,launch_statistics,Function Cache Configuration,,CachePreferNone
sgemm_small,7168.0,launch_statistics,Grid Size,,200704
sgemm_small,7168.0,launch_statistics,Registers Per Thread,register/thread,60
sgemm_small,7168.0,launch_statistics,Shared Memory Configuration Size,Kbyte,102.40
sgemm_small,7168.0,launch_statistics,Driver Shared Memory Per Block,Kbyte/block,1.02
sgemm_small,7168.0,launch_statistics,Dynamic Shared Memory Per Block,byte/block,0
sgemm_small,7168.0,launch_statistics,Static Shared Memory Per Block,Kbyte/block,4.10
sgemm_small,7168.0,launch_statistics,# SMs,SM,8
sgemm_small,7168.0,launch_statistics,Threads,thread,12845056
sgemm_small,7168.0,launch_statistics,Uses Green Context,,0
sgemm_small,7168.0,launch_statistics,Waves Per SM,,1568
sgemm_small,7168.0,occupancy,Block Limit SM,block,16
sgemm_small,7168.0,occupancy,Block Limit Registers,block,16
sgemm_small,7168.0,occupancy,Block Limit Shared Mem,block,20
sgemm_small,7168.0,occupancy,Block Limit Warps,block,24
sgemm_small,7168.0,occupancy,Theoretical Active Warps per SM,warp,32
sgemm_small,7168.0,occupancy,Theoretical Occupancy,%,66.67
sgemm_small,7168.0,occupancy,Achieved Occupancy,%,66.31
sgemm_small,7168.0,occupancy,Achieved Active Warps Per SM,warp,31.83
sgemm_small,7168.0,gpu_and_memory_workload,Average L1 Active Cycles,cycle,6717105638
sgemm_small,7168.0,gpu_and_memory_workload,Total L1 Elapsed Cycles,cycle,52970344152
sgemm_small,7168.0,gpu_and_memory_workload,Average L2 Active Cycles,cycle,6702519512.25
sgemm_small,7168.0,gpu_and_memory_workload,Total L2 Elapsed Cycles,cycle,27511194752
sgemm_small,7168.0,gpu_and_memory_workload,Average SM Active Cycles,cycle,6717105638
sgemm_small,7168.0,gpu_and_memory_workload,Total SM Elapsed Cycles,cycle,52970344152
sgemm_small,7168.0,gpu_and_memory_workload,Average SMSP Active Cycles,cycle,6835515250.94
sgemm_small,7168.0,gpu_and_memory_workload,Total SMSP Elapsed Cycles,cycle,211881376608
sgemm_small,8192.0,speed_of_light,SM Frequency,Mhz,407.99
sgemm_small,8192.0,speed_of_light,Elapsed Cycles,cycle,21556704540
sgemm_small,8192.0,speed_of_light,Memory Throughput,%,10.92
sgemm_small,8192.0,speed_of_light,Duration,s,52.84
sgemm_small,8192.0,speed_of_light,L1/TEX Cache Throughput,%,11.36
sgemm_small,8192.0,speed_of_light,L2 Cache Throughput,%,10.92
sgemm_small,8192.0,speed_of_light,SM Active Cycles,cycle,22182682450.12
sgemm_small,8192.0,speed_of_light,Compute (SM) Throughput,%,4.80
sgemm_small,8192.0,launch_statistics,Block Size,,64
sgemm_small,8192.0,launch_statistics,Function Cache Configuration,,CachePreferNone
sgemm_small,8192.0,launch_statistics,Grid Size,,262144
sgemm_small,8192.0,launch_statistics,Registers Per Thread,register/thread,60
sgemm_small,8192.0,launch_statistics,Shared Memory Configuration Size,Kbyte,102.40
sgemm_small,8192.0,launch_statistics,Driver Shared Memory Per Block,Kbyte/block,1.02
sgemm_small,8192.0,launch_statistics,Dynamic Shared Memory Per Block,byte/block,0
sgemm_small,8192.0,launch_statistics,Static Shared Memory Per Block,Kbyte/block,4.10
sgemm_small,8192.0,launch_statistics,# SMs,SM,8
sgemm_small,8192.0,launch_statistics,Threads,thread,16777216
sgemm_small,8192.0,launch_statistics,Uses Green Context,,0
sgemm_small,8192.0,launch_statistics,Waves Per SM,,2048
sgemm_small,8192.0,occupancy,Block Limit SM,block,16
sgemm_small,8192.0,occupancy,Block Limit Registers,block,16
sgemm_small,8192.0,occupancy,Block Limit Shared Mem,block,20
sgemm_small,8192.0,occupancy,Block Limit Warps,block,24
sgemm_small,8192.0,occupancy,Theoretical Active Warps per SM,warp,32
sgemm_small,8192.0,occupancy,Theoretical Occupancy,%,66.67
sgemm_small,8192.0,occupancy,Achieved Occupancy,%,66.60
sgemm_small,8192.0,occupancy,Achieved Active Warps Per SM,warp,31.97
sgemm_small,8192.0,gpu_and_memory_workload,Average L1 Active Cycles,cycle,22182682450.12
sgemm_small,8192.0,gpu_and_memory_workload,Total L1 Elapsed Cycles,cycle,201246270480
sgemm_small,8192.0,gpu_and_memory_workload,Average L2 Active Cycles,cycle,23204544247.50
sgemm_small,8192.0,gpu_and_memory_workload,Total L2 Elapsed Cycles,cycle,86226818160
sgemm_small,8192.0,gpu_and_memory_workload,Average SM Active Cycles,cycle,22182682450.12
sgemm_small,8192.0,gpu_and_memory_workload,Total SM Elapsed Cycles,cycle,201246270480
sgemm_small,8192.0,gpu_and_memory_workload,Average SMSP Active Cycles,cycle,21492052740.38
sgemm_small,8192.0,gpu_and_memory_workload,Total SMSP Elapsed Cycles,cycle,804985081920
sgemm_medium,1024.0,speed_of_light,SM Frequency,Mhz,306.00
sgemm_medium,1024.0,speed_of_light,Elapsed Cycles,cycle,2450197
sgemm_medium,1024.0,speed_of_light,Memory Throughput,%,90.86
sgemm_medium,1024.0,speed_of_light,Duration,s,0.00801
sgemm_medium,1024.0,speed_of_light,L1/TEX Cache Throughput,%,91.13
sgemm_medium,1024.0,speed_of_light,L2 Cache Throughput,%,63.81
sgemm_medium,1024.0,speed_of_light,SM Active Cycles,cycle,2440848.38
sgemm_medium,1024.0,speed_of_light,Compute (SM) Throughput,%,56.07
sgemm_medium,1024.0,launch_statistics,Block Size,,64
sgemm_medium,1024.0,launch_statistics,Function Cache Configuration,,CachePreferNone
sgemm_medium,1024.0,launch_statistics,Grid Size,,1024
sgemm_medium,1024.0,launch_statistics,Registers Per Thread,register/thread,65
sgemm_medium,1024.0,launch_statistics,Shared Memory Configuration Size,Kbyte,102.40
sgemm_medium,1024.0,launch_statistics,Driver Shared Memory Per Block,Kbyte/block,1.02
sgemm_medium,1024.0,launch_statistics,Dynamic Shared Memory Per Block,byte/block,0
sgemm_medium,1024.0,launch_statistics,Static Shared Memory Per Block,Kbyte/block,4.10
sgemm_medium,1024.0,launch_statistics,# SMs,SM,8
sgemm_medium,1024.0,launch_statistics,Threads,thread,65536
sgemm_medium,1024.0,launch_statistics,Uses Green Context,,0
sgemm_medium,1024.0,launch_statistics,Waves Per SM,,9.14
sgemm_medium,1024.0,occupancy,Block Limit SM,block,16
sgemm_medium,1024.0,occupancy,Block Limit Registers,block,14
sgemm_medium,1024.0,occupancy,Block Limit Shared Mem,block,20
sgemm_medium,1024.0,occupancy,Block Limit Warps,block,24
sgemm_medium,1024.0,occupancy,Theoretical Active Warps per SM,warp,28
sgemm_medium,1024.0,occupancy,Theoretical Occupancy,%,58.33
sgemm_medium,1024.0,occupancy,Achieved Occupancy,%,56.41
sgemm_medium,1024.0,occupancy,Achieved Active Warps Per SM,warp,27.08
sgemm_medium,1024.0,gpu_and_memory_workload,Average L1 Active Cycles,cycle,2440848.38
sgemm_medium,1024.0,gpu_and_memory_workload,Total L1 Elapsed Cycles,cycle,19583744
sgemm_medium,1024.0,gpu_and_memory_workload,Average L2 Active Cycles,cycle,2441997.25
sgemm_medium,1024.0,gpu_and_memory_workload,Total L2 Elapsed Cycles,cycle,9800780
sgemm_medium,1024.0,gpu_and_memory_workload,Average SM Active Cycles,cycle,2440848.38
sgemm_medium,1024.0,gpu_and_memory_workload,Total SM Elapsed Cycles,cycle,19583744
sgemm_medium,1024.0,gpu_and_memory_workload,Average SMSP Active Cycles,cycle,2440746.28
sgemm_medium,1024.0,gpu_and_memory_workload,Total SMSP Elapsed Cycles,cycle,78334976
sgemm_medium,2048.0,speed_of_light,SM Frequency,Mhz,306.00
sgemm_medium,2048.0,speed_of_light,Elapsed Cycles,cycle,19408466
sgemm_medium,2048.0,speed_of_light,Memory Throughput,%,91.16
sgemm_medium,2048.0,speed_of_light,Duration,s,0.06343
sgemm_medium,2048.0,speed_of_light,L1/TEX Cache Throughput,%,91.29
sgemm_medium,2048.0,speed_of_light,L2 Cache Throughput,%,65.97
sgemm_medium,2048.0,speed_of_light,SM Active Cycles,cycle,19378181.38
sgemm_medium,2048.0,speed_of_light,Compute (SM) Throughput,%,56.32
sgemm_medium,2048.0,launch_statistics,Block Size,,64
sgemm_medium,2048.0,launch_statistics,Function Cache Configuration,,CachePreferNone
sgemm_medium,2048.0,launch_statistics,Grid Size,,4096
sgemm_medium,2048.0,launch_statistics,Registers Per Thread,register/thread,65
sgemm_medium,2048.0,launch_statistics,Shared Memory Configuration Size,Kbyte,102.40
sgemm_medium,2048.0,launch_statistics,Driver Shared Memory Per Block,Kbyte/block,1.02
sgemm_medium,2048.0,launch_statistics,Dynamic Shared Memory Per Block,byte/block,0
sgemm_medium,2048.0,launch_statistics,Static Shared Memory Per Block,Kbyte/block,4.10
sgemm_medium,2048.0,launch_statistics,# SMs,SM,8
sgemm_medium,2048.0,launch_statistics,Threads,thread,262144
sgemm_medium,2048.0,launch_statistics,Uses Green Context,,0
sgemm_medium,2048.0,launch_statistics,Waves Per SM,,36.57
sgemm_medium,2048.0,occupancy,Block Limit SM,block,16
sgemm_medium,2048.0,occupancy,Block Limit Registers,block,14
sgemm_medium,2048.0,occupancy,Block Limit Shared Mem,block,20
sgemm_medium,2048.0,occupancy,Block Limit Warps,block,24
sgemm_medium,2048.0,occupancy,Theoretical Active Warps per SM,warp,28
sgemm_medium,2048.0,occupancy,Theoretical Occupancy,%,58.33
sgemm_medium,2048.0,occupancy,Achieved Occupancy,%,57.79
sgemm_medium,2048.0,occupancy,Achieved Active Warps Per SM,warp,27.74
sgemm_medium,2048.0,gpu_and_memory_workload,Average L1 Active Cycles,cycle,19378181.38
sgemm_medium,2048.0,gpu_and_memory_workload,Total L1 Elapsed Cycles,cycle,155240184
sgemm_medium,2048.0,gpu_and_memory_workload,Average L2 Active Cycles,cycle,19388445.25
sgemm_medium,2048.0,gpu_and_memory_workload,Total L2 Elapsed Cycles,cycle,77633856
sgemm_medium,2048.0,gpu_and_memory_workload,Average SM Active Cycles,cycle,19378181.38
sgemm_medium,2048.0,gpu_and_memory_workload,Total SM Elapsed Cycles,cycle,155240184
sgemm_medium,2048.0,gpu_and_memory_workload,Average SMSP Active Cycles,cycle,19390912.28
sgemm_medium,2048.0,gpu_and_memory_workload,Total SMSP Elapsed Cycles,cycle,620960736
sgemm_medium,3072.0,speed_of_light,SM Frequency,Mhz,306.00
sgemm_medium,3072.0,speed_of_light,Elapsed Cycles,cycle,65512638
sgemm_medium,3072.0,speed_of_light,Memory Throughput,%,91.05
sgemm_medium,3072.0,speed_of_light,Duration,s,0.21409
sgemm_medium,3072.0,speed_of_light,L1/TEX Cache Throughput,%,91.02
sgemm_medium,3072.0,speed_of_light,L2 Cache Throughput,%,65.51
sgemm_medium,3072.0,speed_of_light,SM Active Cycles,cycle,65478483.12
sgemm_medium,3072.0,speed_of_light,Compute (SM) Throughput,%,56.27
sgemm_medium,3072.0,launch_statistics,Block Size,,64
sgemm_medium,3072.0,launch_statistics,Function Cache Configuration,,CachePreferNone
sgemm_medium,3072.0,launch_statistics,Grid Size,,9216
sgemm_medium,3072.0,launch_statistics,Registers Per Thread,register/thread,65
sgemm_medium,3072.0,launch_statistics,Shared Memory Configuration Size,Kbyte,102.40
sgemm_medium,3072.0,launch_statistics,Driver Shared Memory Per Block,Kbyte/block,1.02
sgemm_medium,3072.0,launch_statistics,Dynamic Shared Memory Per Block,byte/block,0
sgemm_medium,3072.0,launch_statistics,Static Shared Memory Per Block,Kbyte/block,4.10
sgemm_medium,3072.0,launch_statistics,# SMs,SM,8
sgemm_medium,3072.0,launch_statistics,Threads,thread,589824
sgemm_medium,3072.0,launch_statistics,Uses Green Context,,0
sgemm_medium,3072.0,launch_statistics,Waves Per SM,,82.29
sgemm_medium,3072.0,occupancy,Block Limit SM,block,16
sgemm_medium,3072.0,occupancy,Block Limit Registers,block,14
sgemm_medium,3072.0,occupancy,Block Limit Shared Mem,block,20
sgemm_medium,3072.0,occupancy,Block Limit Warps,block,24
sgemm_medium,3072.0,occupancy,Theoretical Active Warps per SM,warp,28
sgemm_medium,3072.0,occupancy,Theoretical Occupancy,%,58.33
sgemm_medium,3072.0,occupancy,Achieved Occupancy,%,58.03
sgemm_medium,3072.0,occupancy,Achieved Active Warps Per SM,warp,27.86
sgemm_medium,3072.0,gpu_and_memory_workload,Average L1 Active Cycles,cycle,65478483.12
sgemm_medium,3072.0,gpu_and_memory_workload,Total L1 Elapsed Cycles,cycle,523653248
sgemm_medium,3072.0,gpu_and_memory_workload,Average L2 Active Cycles,cycle,65473048
sgemm_medium,3072.0,gpu_and_memory_workload,Total L2 Elapsed Cycles,cycle,262050528
sgemm_medium,3072.0,gpu_and_memory_workload,Average SM Active Cycles,cycle,65478483.12
sgemm_medium,3072.0,gpu_and_memory_workload,Total SM Elapsed Cycles,cycle,523653248
sgemm_medium,3072.0,gpu_and_memory_workload,Average SMSP Active Cycles,cycle,65409814.50
sgemm_medium,3072.0,gpu_and_memory_workload,Total SMSP Elapsed Cycles,cycle,2094612992
sgemm_medium,4096.0,speed_of_light,SM Frequency,Mhz,408.00
sgemm_medium,4096.0,speed_of_light,Elapsed Cycles,cycle,154480780
sgemm_medium,4096.0,speed_of_light,Memory Throughput,%,91.34
sgemm_medium,4096.0,speed_of_light,Duration,s,0.37863
sgemm_medium,4096.0,speed_of_light,L1/TEX Cache Throughput,%,91.44
sgemm_medium,4096.0,speed_of_light,L2 Cache Throughput,%,68.30
sgemm_medium,4096.0,speed_of_light,SM Active Cycles,cycle,154325812.88
sgemm_medium,4096.0,speed_of_light,Compute (SM) Throughput,%,56.47
sgemm_medium,4096.0,launch_statistics,Block Size,,64
sgemm_medium,4096.0,launch_statistics,Function Cache Configuration,,CachePreferNone
sgemm_medium,4096.0,launch_statistics,Grid Size,,16384
sgemm_medium,4096.0,launch_statistics,Registers Per Thread,register/thread,65
sgemm_medium,4096.0,launch_statistics,Shared Memory Configuration Size,Kbyte,102.40
sgemm_medium,4096.0,launch_statistics,Driver Shared Memory Per Block,Kbyte/block,1.02
sgemm_medium,4096.0,launch_statistics,Dynamic Shared Memory Per Block,byte/block,0
sgemm_medium,4096.0,launch_statistics,Static Shared Memory Per Block,Kbyte/block,4.10
sgemm_medium,4096.0,launch_statistics,# SMs,SM,8
sgemm_medium,4096.0,launch_statistics,Threads,thread,1048576
sgemm_medium,4096.0,launch_statistics,Uses Green Context,,0
sgemm_medium,4096.0,launch_statistics,Waves Per SM,,146.29
sgemm_medium,4096.0,occupancy,Block Limit SM,block,16
sgemm_medium,4096.0,occupancy,Block Limit Registers,block,14
sgemm_medium,4096.0,occupancy,Block Limit Shared Mem,block,20
sgemm_medium,4096.0,occupancy,Block Limit Warps,block,24
sgemm_medium,4096.0,occupancy,Theoretical Active Warps per SM,warp,28
sgemm_medium,4096.0,occupancy,Theoretical Occupancy,%,58.33
sgemm_medium,4096.0,occupancy,Achieved Occupancy,%,58.03
sgemm_medium,4096.0,occupancy,Achieved Active Warps Per SM,warp,27.86
sgemm_medium,4096.0,gpu_and_memory_workload,Average L1 Active Cycles,cycle,154325812.88
sgemm_medium,4096.0,gpu_and_memory_workload,Total L1 Elapsed Cycles,cycle,1235851800
sgemm_medium,4096.0,gpu_and_memory_workload,Average L2 Active Cycles,cycle,154464019
sgemm_medium,4096.0,gpu_and_memory_workload,Total L2 Elapsed Cycles,cycle,617923108
sgemm_medium,4096.0,gpu_and_memory_workload,Average SM Active Cycles,cycle,154325812.88
sgemm_medium,4096.0,gpu_and_memory_workload,Total SM Elapsed Cycles,cycle,1235851800
sgemm_medium,4096.0,gpu_and_memory_workload,Average SMSP Active Cycles,cycle,154439196.16
sgemm_medium,4096.0,gpu_and_memory_workload,Total SMSP Elapsed Cycles,cycle,4943407200
sgemm_medium,5120.0,speed_of_light,SM Frequency,Mhz,408.00
sgemm_medium,5120.0,speed_of_light,Elapsed Cycles,cycle,300387089
sgemm_medium,5120.0,speed_of_light,Memory Throughput,%,91.62
sgemm_medium,5120.0,speed_of_light,Duration,s,0.73624
sgemm_medium,5120.0,speed_of_light,L1/TEX Cache Throughput,%,91.64
sgemm_medium,5120.0,speed_of_light,L2 Cache Throughput,%,70.48
sgemm_medium,5120.0,speed_of_light,SM Active Cycles,cycle,300662694.38
sgemm_medium,5120.0,speed_of_light,Compute (SM) Throughput,%,56.63
sgemm_medium,5120.0,launch_statistics,Block Size,,64
sgemm_medium,5120.0,launch_statistics,Function Cache Configuration,,CachePreferNone
sgemm_medium,5120.0,launch_statistics,Grid Size,,25600
sgemm_medium,5120.0,launch_statistics,Registers Per Thread,register/thread,65
sgemm_medium,5120.0,launch_statistics,Shared Memory Configuration Size,Kbyte,102.40
sgemm_medium,5120.0,launch_statistics,Driver Shared Memory Per Block,Kbyte/block,1.02
sgemm_medium,5120.0,launch_statistics,Dynamic Shared Memory Per Block,byte/block,0
sgemm_medium,5120.0,launch_statistics,Static Shared Memory Per Block,Kbyte/block,4.10
sgemm_medium,5120.0,launch_statistics,# SMs,SM,8
sgemm_medium,5120.0,launch_statistics,Threads,thread,1638400
sgemm_medium,5120.0,launch_statistics,Uses Green Context,,0
sgemm_medium,5120.0,launch_statistics,Waves Per SM,,228.57
sgemm_medium,5120.0,occupancy,Block Limit SM,block,16
sgemm_medium,5120.0,occupancy,Block Limit Registers,block,14
sgemm_medium,5120.0,occupancy,Block Limit Shared Mem,block,20
sgemm_medium,5120.0,occupancy,Block Limit Warps,block,24
sgemm_medium,5120.0,occupancy,Theoretical Active Warps per SM,warp,28
sgemm_medium,5120.0,occupancy,Theoretical Occupancy,%,58.33
sgemm_medium,5120.0,occupancy,Achieved Occupancy,%,58.04
sgemm_medium,5120.0,occupancy,Achieved Active Warps Per SM,warp,27.86
sgemm_medium,5120.0,gpu_and_memory_workload,Average L1 Active Cycles,cycle,300662694.38
sgemm_medium,5120.0,gpu_and_memory_workload,Total L1 Elapsed Cycles,cycle,2405859400
sgemm_medium,5120.0,gpu_and_memory_workload,Average L2 Active Cycles,cycle,300589642
sgemm_medium,5120.0,gpu_and_memory_workload,Total L2 Elapsed Cycles,cycle,1201548336
sgemm_medium,5120.0,gpu_and_memory_workload,Average SM Active Cycles,cycle,300662694.38
sgemm_medium,5120.0,gpu_and_memory_workload,Total SM Elapsed Cycles,cycle,2405859400
sgemm_medium,5120.0,gpu_and_memory_workload,Average SMSP Active Cycles,cycle,300791537.78
sgemm_medium,5120.0,gpu_and_memory_workload,Total SMSP Elapsed Cycles,cycle,9623437600
sgemm_medium,6144.0,speed_of_light,SM Frequency,Mhz,408.00
sgemm_medium,6144.0,speed_of_light,Elapsed Cycles,cycle,563393429
sgemm_medium,6144.0,speed_of_light,Memory Throughput,%,83.35
sgemm_medium,6144.0,speed_of_light,Duration,s,1.38
sgemm_medium,6144.0,speed_of_light,L1/TEX Cache Throughput,%,82.56
sgemm_medium,6144.0,speed_of_light,L2 Cache Throughput,%,66.37
sgemm_medium,6144.0,speed_of_light,SM Active Cycles,cycle,576271122.88
sgemm_medium,6144.0,speed_of_light,Compute (SM) Throughput,%,51.54
sgemm_medium,6144.0,launch_statistics,Block Size,,64
sgemm_medium,6144.0,launch_statistics,Function Cache Configuration,,CachePreferNone
sgemm_medium,6144.0,launch_statistics,Grid Size,,36864
sgemm_medium,6144.0,launch_statistics,Registers Per Thread,register/thread,65
sgemm_medium,6144.0,launch_statistics,Shared Memory Configuration Size,Kbyte,102.40
sgemm_medium,6144.0,launch_statistics,Driver Shared Memory Per Block,Kbyte/block,1.02
sgemm_medium,6144.0,launch_statistics,Dynamic Shared Memory Per Block,byte/block,0
sgemm_medium,6144.0,launch_statistics,Static Shared Memory Per Block,Kbyte/block,4.10
sgemm_medium,6144.0,launch_statistics,# SMs,SM,8
sgemm_medium,6144.0,launch_statistics,Threads,thread,2359296
sgemm_medium,6144.0,launch_statistics,Uses Green Context,,0
sgemm_medium,6144.0,launch_statistics,Waves Per SM,,329.14
sgemm_medium,6144.0,occupancy,Block Limit SM,block,16
sgemm_medium,6144.0,occupancy,Block Limit Registers,block,14
sgemm_medium,6144.0,occupancy,Block Limit Shared Mem,block,20
sgemm_medium,6144.0,occupancy,Block Limit Warps,block,24
sgemm_medium,6144.0,occupancy,Theoretical Active Warps per SM,warp,28
sgemm_medium,6144.0,occupancy,Theoretical Occupancy,%,58.33
sgemm_medium,6144.0,occupancy,Achieved Occupancy,%,58.21
sgemm_medium,6144.0,occupancy,Achieved Active Warps Per SM,warp,27.94
sgemm_medium,6144.0,gpu_and_memory_workload,Average L1 Active Cycles,cycle,576271122.88
sgemm_medium,6144.0,gpu_and_memory_workload,Total L1 Elapsed Cycles,cycle,4566756616
sgemm_medium,6144.0,gpu_and_memory_workload,Average L2 Active Cycles,cycle,545869788.75
sgemm_medium,6144.0,gpu_and_memory_workload,Total L2 Elapsed Cycles,cycle,2253573744
sgemm_medium,6144.0,gpu_and_memory_workload,Average SM Active Cycles,cycle,576271122.88
sgemm_medium,6144.0,gpu_and_memory_workload,Total SM Elapsed Cycles,cycle,4566756616
sgemm_medium,6144.0,gpu_and_memory_workload,Average SMSP Active Cycles,cycle,588018859.53
sgemm_medium,6144.0,gpu_and_memory_workload,Total SMSP Elapsed Cycles,cycle,18267026464
sgemm_medium,7168.0,speed_of_light,SM Frequency,Mhz,407.69
sgemm_medium,7168.0,speed_of_light,Elapsed Cycles,cycle,2562775951
sgemm_medium,7168.0,speed_of_light,Memory Throughput,%,29.40
sgemm_medium,7168.0,speed_of_light,Duration,s,6.29
sgemm_medium,7168.0,speed_of_light,L1/TEX Cache Throughput,%,26.75
sgemm_medium,7168.0,speed_of_light,L2 Cache Throughput,%,24.25
sgemm_medium,7168.0,speed_of_light,SM Active Cycles,cycle,2821255977.88
sgemm_medium,7168.0,speed_of_light,Compute (SM) Throughput,%,18.20
sgemm_medium,7168.0,launch_statistics,Block Size,,64
sgemm_medium,7168.0,launch_statistics,Function Cache Configuration,,CachePreferNone
sgemm_medium,7168.0,launch_statistics,Grid Size,,50176
sgemm_medium,7168.0,launch_statistics,Registers Per Thread,register/thread,65
sgemm_medium,7168.0,launch_statistics,Shared Memory Configuration Size,Kbyte,102.40
sgemm_medium,7168.0,launch_statistics,Driver Shared Memory Per Block,Kbyte/block,1.02
sgemm_medium,7168.0,launch_statistics,Dynamic Shared Memory Per Block,byte/block,0
sgemm_medium,7168.0,launch_statistics,Static Shared Memory Per Block,Kbyte/block,4.10
sgemm_medium,7168.0,launch_statistics,# SMs,SM,8
sgemm_medium,7168.0,launch_statistics,Threads,thread,3211264
sgemm_medium,7168.0,launch_statistics,Uses Green Context,,0
sgemm_medium,7168.0,launch_statistics,Waves Per SM,,448
sgemm_medium,7168.0,occupancy,Block Limit SM,block,16
sgemm_medium,7168.0,occupancy,Block Limit Registers,block,14
sgemm_medium,7168.0,occupancy,Block Limit Shared Mem,block,20
sgemm_medium,7168.0,occupancy,Block Limit Warps,block,24
sgemm_medium,7168.0,occupancy,Theoretical Active Warps per SM,warp,28
sgemm_medium,7168.0,occupancy,Theoretical Occupancy,%,58.33
sgemm_medium,7168.0,occupancy,Achieved Occupancy,%,58.19
sgemm_medium,7168.0,occupancy,Achieved Active Warps Per SM,warp,27.93
sgemm_medium,7168.0,gpu_and_memory_workload,Average L1 Active Cycles,cycle,2821255977.88
sgemm_medium,7168.0,gpu_and_memory_workload,Total L1 Elapsed Cycles,cycle,20532542952
sgemm_medium,7168.0,gpu_and_memory_workload,Average L2 Active Cycles,cycle,2352334807.50
sgemm_medium,7168.0,gpu_and_memory_workload,Total L2 Elapsed Cycles,cycle,10251103828
sgemm_medium,7168.0,gpu_and_memory_workload,Average SM Active Cycles,cycle,2821255977.88
sgemm_medium,7168.0,gpu_and_memory_workload,Total SM Elapsed Cycles,cycle,20532542952
sgemm_medium,7168.0,gpu_and_memory_workload,Average SMSP Active Cycles,cycle,2573611787.12
sgemm_medium,7168.0,gpu_and_memory_workload,Total SMSP Elapsed Cycles,cycle,82130171808
sgemm_medium,8192.0,speed_of_light,SM Frequency,Mhz,407.59
sgemm_medium,8192.0,speed_of_light,Elapsed Cycles,cycle,6636142570
sgemm_medium,8192.0,speed_of_light,Memory Throughput,%,18.06
sgemm_medium,8192.0,speed_of_light,Duration,s,16.28
sgemm_medium,8192.0,speed_of_light,L1/TEX Cache Throughput,%,16.66
sgemm_medium,8192.0,speed_of_light,L2 Cache Throughput,%,14.20
sgemm_medium,8192.0,speed_of_light,SM Active Cycles,cycle,6759589008.50
sgemm_medium,8192.0,speed_of_light,Compute (SM) Throughput,%,11.18
sgemm_medium,8192.0,launch_statistics,Block Size,,64
sgemm_medium,8192.0,launch_statistics,Function Cache Configuration,,CachePreferNone
sgemm_medium,8192.0,launch_statistics,Grid Size,,65536
sgemm_medium,8192.0,launch_statistics,Registers Per Thread,register/thread,65
sgemm_medium,8192.0,launch_statistics,Shared Memory Configuration Size,Kbyte,102.40
sgemm_medium,8192.0,launch_statistics,Driver Shared Memory Per Block,Kbyte/block,1.02
sgemm_medium,8192.0,launch_statistics,Dynamic Shared Memory Per Block,byte/block,0
sgemm_medium,8192.0,launch_statistics,Static Shared Memory Per Block,Kbyte/block,4.10
sgemm_medium,8192.0,launch_statistics,# SMs,SM,8
sgemm_medium,8192.0,launch_statistics,Threads,thread,4194304
sgemm_medium,8192.0,launch_statistics,Uses Green Context,,0
sgemm_medium,8192.0,launch_statistics,Waves Per SM,,585.14
sgemm_medium,8192.0,occupancy,Block Limit SM,block,16
sgemm_medium,8192.0,occupancy,Block Limit Registers,block,14
sgemm_medium,8192.0,occupancy,Block Limit Shared Mem,block,20
sgemm_medium,8192.0,occupancy,Block Limit Warps,block,24
sgemm_medium,8192.0,occupancy,Theoretical Active Warps per SM,warp,28
sgemm_medium,8192.0,occupancy,Theoretical Occupancy,%,58.33
sgemm_medium,8192.0,occupancy,Achieved Occupancy,%,58.20
sgemm_medium,8192.0,occupancy,Achieved Active Warps Per SM,warp,27.93
sgemm_medium,8192.0,gpu_and_memory_workload,Average L1 Active Cycles,cycle,6759589008.50
sgemm_medium,8192.0,gpu_and_memory_workload,Total L1 Elapsed Cycles,cycle,49870826736
sgemm_medium,8192.0,gpu_and_memory_workload,Average L2 Active Cycles,cycle,5986093814
sgemm_medium,8192.0,gpu_and_memory_workload,Total L2 Elapsed Cycles,cycle,26543361460
sgemm_medium,8192.0,gpu_and_memory_workload,Average SM Active Cycles,cycle,6759589008.50
sgemm_medium,8192.0,gpu_and_memory_workload,Total SM Elapsed Cycles,cycle,49870826736
sgemm_medium,8192.0,gpu_and_memory_workload,Average SMSP Active Cycles,cycle,6478133648.12
sgemm_medium,8192.0,gpu_and_memory_workload,Total SMSP Elapsed Cycles,cycle,199483306944
sgemm_large,1024.0,speed_of_light,SM Frequency,Mhz,305.99
sgemm_large,1024.0,speed_of_light,Elapsed Cycles,cycle,1608318
sgemm_large,1024.0,speed_of_light,Memory Throughput,%,85.42
sgemm_large,1024.0,speed_of_light,Duration,s,0.00526
sgemm_large,1024.0,speed_of_light,L1/TEX Cache Throughput,%,85.78
sgemm_large,1024.0,speed_of_light,L2 Cache Throughput,%,33.65
sgemm_large,1024.0,speed_of_light,SM Active Cycles,cycle,1601567.75
sgemm_large,1024.0,speed_of_light,Compute (SM) Throughput,%,72.72
sgemm_large,1024.0,launch_statistics,Block Size,,64
sgemm_large,1024.0,launch_statistics,Function Cache Configuration,,CachePreferNone
sgemm_large,1024.0,launch_statistics,Grid Size,,256
sgemm_large,1024.0,launch_statistics,Registers Per Thread,register/thread,130
sgemm_large,1024.0,launch_statistics,Shared Memory Configuration Size,Kbyte,102.40
sgemm_large,1024.0,launch_statistics,Driver Shared Memory Per Block,Kbyte/block,1.02
sgemm_large,1024.0,launch_statistics,Dynamic Shared Memory Per Block,byte/block,0
sgemm_large,1024.0,launch_statistics,Static Shared Memory Per Block,Kbyte/block,8.19
sgemm_large,1024.0,launch_statistics,# SMs,SM,8
sgemm_large,1024.0,launch_statistics,Threads,thread,16384
sgemm_large,1024.0,launch_statistics,Uses Green Context,,0
sgemm_large,1024.0,launch_statistics,Waves Per SM,,5.33
sgemm_large,1024.0,occupancy,Block Limit SM,block,16
sgemm_large,1024.0,occupancy,Block Limit Registers,block,6
sgemm_large,1024.0,occupancy,Block Limit Shared Mem,block,11
sgemm_large,1024.0,occupancy,Block Limit Warps,block,24
sgemm_large,1024.0,occupancy,Theoretical Active Warps per SM,warp,12
sgemm_large,1024.0,occupancy,Theoretical Occupancy,%,25
sgemm_large,1024.0,occupancy,Achieved Occupancy,%,23.86
sgemm_large,1024.0,occupancy,Achieved Active Warps Per SM,warp,11.46
sgemm_large,1024.0,gpu_and_memory_workload,Average L1 Active Cycles,cycle,1601567.75
sgemm_large,1024.0,gpu_and_memory_workload,Total L1 Elapsed Cycles,cycle,12865776
sgemm_large,1024.0,gpu_and_memory_workload,Average L2 Active Cycles,cycle,1586064.50
sgemm_large,1024.0,gpu_and_memory_workload,Total L2 Elapsed Cycles,cycle,6433292
sgemm_large,1024.0,gpu_and_memory_workload,Average SM Active Cycles,cycle,1601567.75
sgemm_large,1024.0,gpu_and_memory_workload,Total SM Elapsed Cycles,cycle,12865776
sgemm_large,1024.0,gpu_and_memory_workload,Average SMSP Active Cycles,cycle,1600332.78
sgemm_large,1024.0,gpu_and_memory_workload,Total SMSP Elapsed Cycles,cycle,51463104
sgemm_large,2048.0,speed_of_light,SM Frequency,Mhz,306.00
sgemm_large,2048.0,speed_of_light,Elapsed Cycles,cycle,12616857
sgemm_large,2048.0,speed_of_light,Memory Throughput,%,85.85
sgemm_large,2048.0,speed_of_light,Duration,s,0.041229999999999996
sgemm_large,2048.0,speed_of_light,L1/TEX Cache Throughput,%,86.49
sgemm_large,2048.0,speed_of_light,L2 Cache Throughput,%,44.91
sgemm_large,2048.0,speed_of_light,SM Active Cycles,cycle,12605786.38
sgemm_large,2048.0,speed_of_light,Compute (SM) Throughput,%,73.47
sgemm_large,2048.0,launch_statistics,Block Size,,64
sgemm_large,2048.0,launch_statistics,Function Cache Configuration,,CachePreferNone
sgemm_large,2048.0,launch_statistics,Grid Size,,1024
sgemm_large,2048.0,launch_statistics,Registers Per Thread,register/thread,130
sgemm_large,2048.0,launch_statistics,Shared Memory Configuration Size,Kbyte,102.40
sgemm_large,2048.0,launch_statistics,Driver Shared Memory Per Block,Kbyte/block,1.02
sgemm_large,2048.0,launch_statistics,Dynamic Shared Memory Per Block,byte/block,0
sgemm_large,2048.0,launch_statistics,Static Shared Memory Per Block,Kbyte/block,8.19
sgemm_large,2048.0,launch_statistics,# SMs,SM,8
sgemm_large,2048.0,launch_statistics,Threads,thread,65536
sgemm_large,2048.0,launch_statistics,Uses Green Context,,0
sgemm_large,2048.0,launch_statistics,Waves Per SM,,21.33
sgemm_large,2048.0,occupancy,Block Limit SM,block,16
sgemm_large,2048.0,occupancy,Block Limit Registers,block,6
sgemm_large,2048.0,occupancy,Block Limit Shared Mem,block,11
sgemm_large,2048.0,occupancy,Block Limit Warps,block,24
sgemm_large,2048.0,occupancy,Theoretical Active Warps per SM,warp,12
sgemm_large,2048.0,occupancy,Theoretical Occupancy,%,25
sgemm_large,2048.0,occupancy,Achieved Occupancy,%,24.74
sgemm_large,2048.0,occupancy,Achieved Active Warps Per SM,warp,11.87
sgemm_large,2048.0,gpu_and_memory_workload,Average L1 Active Cycles,cycle,12605786.38
sgemm_large,2048.0,gpu_and_memory_workload,Total L1 Elapsed Cycles,cycle,101609360
sgemm_large,2048.0,gpu_and_memory_workload,Average L2 Active Cycles,cycle,12746875.50
sgemm_large,2048.0,gpu_and_memory_workload,Total L2 Elapsed Cycles,cycle,50467420
sgemm_large,2048.0,gpu_and_memory_workload,Average SM Active Cycles,cycle,12605786.38
sgemm_large,2048.0,gpu_and_memory_workload,Total SM Elapsed Cycles,cycle,101609360
sgemm_large,2048.0,gpu_and_memory_workload,Average SMSP Active Cycles,cycle,12679034.66
sgemm_large,2048.0,gpu_and_memory_workload,Total SMSP Elapsed Cycles,cycle,406437440
sgemm_large,3072.0,speed_of_light,SM Frequency,Mhz,306.00
sgemm_large,3072.0,speed_of_light,Elapsed Cycles,cycle,42499403
sgemm_large,3072.0,speed_of_light,Memory Throughput,%,85.78
sgemm_large,3072.0,speed_of_light,Duration,s,0.13888999999999999
sgemm_large,3072.0,speed_of_light,L1/TEX Cache Throughput,%,86.40
sgemm_large,3072.0,speed_of_light,L2 Cache Throughput,%,44.90
sgemm_large,3072.0,speed_of_light,SM Active Cycles,cycle,42478467.12
sgemm_large,3072.0,speed_of_light,Compute (SM) Throughput,%,73.54
sgemm_large,3072.0,launch_statistics,Block Size,,64
sgemm_large,3072.0,launch_statistics,Function Cache Configuration,,CachePreferNone
sgemm_large,3072.0,launch_statistics,Grid Size,,2304
sgemm_large,3072.0,launch_statistics,Registers Per Thread,register/thread,130
sgemm_large,3072.0,launch_statistics,Shared Memory Configuration Size,Kbyte,102.40
sgemm_large,3072.0,launch_statistics,Driver Shared Memory Per Block,Kbyte/block,1.02
sgemm_large,3072.0,launch_statistics,Dynamic Shared Memory Per Block,byte/block,0
sgemm_large,3072.0,launch_statistics,Static Shared Memory Per Block,Kbyte/block,8.19
sgemm_large,3072.0,launch_statistics,# SMs,SM,8
sgemm_large,3072.0,launch_statistics,Threads,thread,147456
sgemm_large,3072.0,launch_statistics,Uses Green Context,,0
sgemm_large,3072.0,launch_statistics,Waves Per SM,,48
sgemm_large,3072.0,occupancy,Block Limit SM,block,16
sgemm_large,3072.0,occupancy,Block Limit Registers,block,6
sgemm_large,3072.0,occupancy,Block Limit Shared Mem,block,11
sgemm_large,3072.0,occupancy,Block Limit Warps,block,24
sgemm_large,3072.0,occupancy,Theoretical Active Warps per SM,warp,12
sgemm_large,3072.0,occupancy,Theoretical Occupancy,%,25
sgemm_large,3072.0,occupancy,Achieved Occupancy,%,24.87
sgemm_large,3072.0,occupancy,Achieved Active Warps Per SM,warp,11.94
sgemm_large,3072.0,gpu_and_memory_workload,Average L1 Active Cycles,cycle,42478467.12
sgemm_large,3072.0,gpu_and_memory_workload,Total L1 Elapsed Cycles,cycle,342287232
sgemm_large,3072.0,gpu_and_memory_workload,Average L2 Active Cycles,cycle,42798580.75
sgemm_large,3072.0,gpu_and_memory_workload,Total L2 Elapsed Cycles,cycle,169997616
sgemm_large,3072.0,gpu_and_memory_workload,Average SM Active Cycles,cycle,42478467.12
sgemm_large,3072.0,gpu_and_memory_workload,Total SM Elapsed Cycles,cycle,342287232
sgemm_large,3072.0,gpu_and_memory_workload,Average SMSP Active Cycles,cycle,42739499.06
sgemm_large,3072.0,gpu_and_memory_workload,Total SMSP Elapsed Cycles,cycle,1369148928
sgemm_large,4096.0,speed_of_light,SM Frequency,Mhz,306.00
sgemm_large,4096.0,speed_of_light,Elapsed Cycles,cycle,100456179
sgemm_large,4096.0,speed_of_light,Memory Throughput,%,85.77
sgemm_large,4096.0,speed_of_light,Duration,s,0.32829
sgemm_large,4096.0,speed_of_light,L1/TEX Cache Throughput,%,85.94
sgemm_large,4096.0,speed_of_light,L2 Cache Throughput,%,45.31
sgemm_large,4096.0,speed_of_light,SM Active Cycles,cycle,101075289.62
sgemm_large,4096.0,speed_of_light,Compute (SM) Throughput,%,73.61
sgemm_large,4096.0,launch_statistics,Block Size,,64
sgemm_large,4096.0,launch_statistics,Function Cache Configuration,,CachePreferNone
sgemm_large,4096.0,launch_statistics,Grid Size,,4096
sgemm_large,4096.0,launch_statistics,Registers Per Thread,register/thread,130
sgemm_large,4096.0,launch_statistics,Shared Memory Configuration Size,Kbyte,102.40
sgemm_large,4096.0,launch_statistics,Driver Shared Memory Per Block,Kbyte/block,1.02
sgemm_large,4096.0,launch_statistics,Dynamic Shared Memory Per Block,byte/block,0
sgemm_large,4096.0,launch_statistics,Static Shared Memory Per Block,Kbyte/block,8.19
sgemm_large,4096.0,launch_statistics,# SMs,SM,8
sgemm_large,4096.0,launch_statistics,Threads,thread,262144
sgemm_large,4096.0,launch_statistics,Uses Green Context,,0
sgemm_large,4096.0,launch_statistics,Waves Per SM,,85.33
sgemm_large,4096.0,occupancy,Block Limit SM,block,16
sgemm_large,4096.0,occupancy,Block Limit Registers,block,6
sgemm_large,4096.0,occupancy,Block Limit Shared Mem,block,11
sgemm_large,4096.0,occupancy,Block Limit Warps,block,24
sgemm_large,4096.0,occupancy,Theoretical Active Warps per SM,warp,12
sgemm_large,4096.0,occupancy,Theoretical Occupancy,%,25
sgemm_large,4096.0,occupancy,Achieved Occupancy,%,24.92
sgemm_large,4096.0,occupancy,Achieved Active Warps Per SM,warp,11.96
sgemm_large,4096.0,gpu_and_memory_workload,Average L1 Active Cycles,cycle,101075289.62
sgemm_large,4096.0,gpu_and_memory_workload,Total L1 Elapsed Cycles,cycle,810169920
sgemm_large,4096.0,gpu_and_memory_workload,Average L2 Active Cycles,cycle,101239251
sgemm_large,4096.0,gpu_and_memory_workload,Total L2 Elapsed Cycles,cycle,401824720
sgemm_large,4096.0,gpu_and_memory_workload,Average SM Active Cycles,cycle,101075289.62
sgemm_large,4096.0,gpu_and_memory_workload,Total SM Elapsed Cycles,cycle,810169920
sgemm_large,4096.0,gpu_and_memory_workload,Average SMSP Active Cycles,cycle,101142342.91
sgemm_large,4096.0,gpu_and_memory_workload,Total SMSP Elapsed Cycles,cycle,3240679680
sgemm_large,5120.0,speed_of_light,SM Frequency,Mhz,406.71
sgemm_large,5120.0,speed_of_light,Elapsed Cycles,cycle,197381034
sgemm_large,5120.0,speed_of_light,Memory Throughput,%,85.92
sgemm_large,5120.0,speed_of_light,Duration,s,0.48531
sgemm_large,5120.0,speed_of_light,L1/TEX Cache Throughput,%,85.94
sgemm_large,5120.0,speed_of_light,L2 Cache Throughput,%,44.23
sgemm_large,5120.0,speed_of_light,SM Active Cycles,cycle,197279391.38
sgemm_large,5120.0,speed_of_light,Compute (SM) Throughput,%,73.77
sgemm_large,5120.0,launch_statistics,Block Size,,64
sgemm_large,5120.0,launch_statistics,Function Cache Configuration,,CachePreferNone
sgemm_large,5120.0,launch_statistics,Grid Size,,6400
sgemm_large,5120.0,launch_statistics,Registers Per Thread,register/thread,130
sgemm_large,5120.0,launch_statistics,Shared Memory Configuration Size,Kbyte,102.40
sgemm_large,5120.0,launch_statistics,Driver Shared Memory Per Block,Kbyte/block,1.02
sgemm_large,5120.0,launch_statistics,Dynamic Shared Memory Per Block,byte/block,0
sgemm_large,5120.0,launch_statistics,Static Shared Memory Per Block,Kbyte/block,8.19
sgemm_large,5120.0,launch_statistics,# SMs,SM,8
sgemm_large,5120.0,launch_statistics,Threads,thread,409600
sgemm_large,5120.0,launch_statistics,Uses Green Context,,0
sgemm_large,5120.0,launch_statistics,Waves Per SM,,133.33
sgemm_large,5120.0,occupancy,Block Limit SM,block,16
sgemm_large,5120.0,occupancy,Block Limit Registers,block,6
sgemm_large,5120.0,occupancy,Block Limit Shared Mem,block,11
sgemm_large,5120.0,occupancy,Block Limit Warps,block,24
sgemm_large,5120.0,occupancy,Theoretical Active Warps per SM,warp,12
sgemm_large,5120.0,occupancy,Theoretical Occupancy,%,25
sgemm_large,5120.0,occupancy,Achieved Occupancy,%,24.94
sgemm_large,5120.0,occupancy,Achieved Active Warps Per SM,warp,11.97
sgemm_large,5120.0,gpu_and_memory_workload,Average L1 Active Cycles,cycle,197279391.38
sgemm_large,5120.0,gpu_and_memory_workload,Total L1 Elapsed Cycles,cycle,1578529768
sgemm_large,5120.0,gpu_and_memory_workload,Average L2 Active Cycles,cycle,197269101.25
sgemm_large,5120.0,gpu_and_memory_workload,Total L2 Elapsed Cycles,cycle,789524056
sgemm_large,5120.0,gpu_and_memory_workload,Average SM Active Cycles,cycle,197279391.38
sgemm_large,5120.0,gpu_and_memory_workload,Total SM Elapsed Cycles,cycle,1578529768
sgemm_large,5120.0,gpu_and_memory_workload,Average SMSP Active Cycles,cycle,197274704.81
sgemm_large,5120.0,gpu_and_memory_workload,Total SMSP Elapsed Cycles,cycle,6314119072
sgemm_large,6144.0,speed_of_light,SM Frequency,Mhz,408.00
sgemm_large,6144.0,speed_of_light,Elapsed Cycles,cycle,341020589
sgemm_large,6144.0,speed_of_light,Memory Throughput,%,85.91
sgemm_large,6144.0,speed_of_light,Duration,s,0.8358300000000001
sgemm_large,6144.0,speed_of_light,L1/TEX Cache Throughput,%,85.95
sgemm_large,6144.0,speed_of_light,L2 Cache Throughput,%,47.51
sgemm_large,6144.0,speed_of_light,SM Active Cycles,cycle,340627771.25
sgemm_large,6144.0,speed_of_light,Compute (SM) Throughput,%,73.79
sgemm_large,6144.0,launch_statistics,Block Size,,64
sgemm_large,6144.0,launch_statistics,Function Cache Configuration,,CachePreferNone
sgemm_large,6144.0,launch_statistics,Grid Size,,9216
sgemm_large,6144.0,launch_statistics,Registers Per Thread,register/thread,130
sgemm_large,6144.0,launch_statistics,Shared Memory Configuration Size,Kbyte,102.40
sgemm_large,6144.0,launch_statistics,Driver Shared Memory Per Block,Kbyte/block,1.02
sgemm_large,6144.0,launch_statistics,Dynamic Shared Memory Per Block,byte/block,0
sgemm_large,6144.0,launch_statistics,Static Shared Memory Per Block,Kbyte/block,8.19
sgemm_large,6144.0,launch_statistics,# SMs,SM,8
sgemm_large,6144.0,launch_statistics,Threads,thread,589824
sgemm_large,6144.0,launch_statistics,Uses Green Context,,0
sgemm_large,6144.0,launch_statistics,Waves Per SM,,192
sgemm_large,6144.0,occupancy,Block Limit SM,block,16
sgemm_large,6144.0,occupancy,Block Limit Registers,block,6
sgemm_large,6144.0,occupancy,Block Limit Shared Mem,block,11
sgemm_large,6144.0,occupancy,Block Limit Warps,block,24
sgemm_large,6144.0,occupancy,Theoretical Active Warps per SM,warp,12
sgemm_large,6144.0,occupancy,Theoretical Occupancy,%,25
sgemm_large,6144.0,occupancy,Achieved Occupancy,%,24.95
sgemm_large,6144.0,occupancy,Achieved Active Warps Per SM,warp,11.97
sgemm_large,6144.0,gpu_and_memory_workload,Average L1 Active Cycles,cycle,340627771.25
sgemm_large,6144.0,gpu_and_memory_workload,Total L1 Elapsed Cycles,cycle,2726479496
sgemm_large,6144.0,gpu_and_memory_workload,Average L2 Active Cycles,cycle,340255056.50
sgemm_large,6144.0,gpu_and_memory_workload,Total L2 Elapsed Cycles,cycle,1364082356
sgemm_large,6144.0,gpu_and_memory_workload,Average SM Active Cycles,cycle,340627771.25
sgemm_large,6144.0,gpu_and_memory_workload,Total SM Elapsed Cycles,cycle,2726479496
sgemm_large,6144.0,gpu_and_memory_workload,Average SMSP Active Cycles,cycle,340599180.41
sgemm_large,6144.0,gpu_and_memory_workload,Total SMSP Elapsed Cycles,cycle,10905917984
sgemm_large,7168.0,speed_of_light,SM Frequency,Mhz,408.00
sgemm_large,7168.0,speed_of_light,Elapsed Cycles,cycle,542069988
sgemm_large,7168.0,speed_of_light,Memory Throughput,%,85.77
sgemm_large,7168.0,speed_of_light,Duration,s,1.33
sgemm_large,7168.0,speed_of_light,L1/TEX Cache Throughput,%,85.78
sgemm_large,7168.0,speed_of_light,L2 Cache Throughput,%,49.62
sgemm_large,7168.0,speed_of_light,SM Active Cycles,cycle,541728022.12
sgemm_large,7168.0,speed_of_light,Compute (SM) Throughput,%,73.70
sgemm_large,7168.0,launch_statistics,Block Size,,64
sgemm_large,7168.0,launch_statistics,Function Cache Configuration,,CachePreferNone
sgemm_large,7168.0,launch_statistics,Grid Size,,12544
sgemm_large,7168.0,launch_statistics,Registers Per Thread,register/thread,130
sgemm_large,7168.0,launch_statistics,Shared Memory Configuration Size,Kbyte,102.40
sgemm_large,7168.0,launch_statistics,Driver Shared Memory Per Block,Kbyte/block,1.02
sgemm_large,7168.0,launch_statistics,Dynamic Shared Memory Per Block,byte/block,0
sgemm_large,7168.0,launch_statistics,Static Shared Memory Per Block,Kbyte/block,8.19
sgemm_large,7168.0,launch_statistics,# SMs,SM,8
sgemm_large,7168.0,launch_statistics,Threads,thread,802816
sgemm_large,7168.0,launch_statistics,Uses Green Context,,0
sgemm_large,7168.0,launch_statistics,Waves Per SM,,261.33
sgemm_large,7168.0,occupancy,Block Limit SM,block,16
sgemm_large,7168.0,occupancy,Block Limit Registers,block,6
sgemm_large,7168.0,occupancy,Block Limit Shared Mem,block,11
sgemm_large,7168.0,occupancy,Block Limit Warps,block,24
sgemm_large,7168.0,occupancy,Theoretical Active Warps per SM,warp,12
sgemm_large,7168.0,occupancy,Theoretical Occupancy,%,25
sgemm_large,7168.0,occupancy,Achieved Occupancy,%,24.95
sgemm_large,7168.0,occupancy,Achieved Active Warps Per SM,warp,11.97
sgemm_large,7168.0,gpu_and_memory_workload,Average L1 Active Cycles,cycle,541728022.12
sgemm_large,7168.0,gpu_and_memory_workload,Total L1 Elapsed Cycles,cycle,4334418472
sgemm_large,7168.0,gpu_and_memory_workload,Average L2 Active Cycles,cycle,541135412.25
sgemm_large,7168.0,gpu_and_memory_workload,Total L2 Elapsed Cycles,cycle,2168279912
sgemm_large,7168.0,gpu_and_memory_workload,Average SM Active Cycles,cycle,541728022.12
sgemm_large,7168.0,gpu_and_memory_workload,Total SM Elapsed Cycles,cycle,4334418472
sgemm_large,7168.0,gpu_and_memory_workload,Average SMSP Active Cycles,cycle,541469336.09
sgemm_large,7168.0,gpu_and_memory_workload,Total SMSP Elapsed Cycles,cycle,17337673888
sgemm_large,8192.0,speed_of_light,SM Frequency,Mhz,408.00
sgemm_large,8192.0,speed_of_light,Elapsed Cycles,cycle,843465872
sgemm_large,8192.0,speed_of_light,Memory Throughput,%,86.00
sgemm_large,8192.0,speed_of_light,Duration,s,2.07
sgemm_large,8192.0,speed_of_light,L1/TEX Cache Throughput,%,85.97
sgemm_large,8192.0,speed_of_light,L2 Cache Throughput,%,43.14
sgemm_large,8192.0,speed_of_light,SM Active Cycles,cycle,806562797.25
sgemm_large,8192.0,speed_of_light,Compute (SM) Throughput,%,73.92
sgemm_large,8192.0,launch_statistics,Block Size,,64
sgemm_large,8192.0,launch_statistics,Function Cache Configuration,,CachePreferNone
sgemm_large,8192.0,launch_statistics,Grid Size,,16384
sgemm_large,8192.0,launch_statistics,Registers Per Thread,register/thread,130
sgemm_large,8192.0,launch_statistics,Shared Memory Configuration Size,Kbyte,102.40
sgemm_large,8192.0,launch_statistics,Driver Shared Memory Per Block,Kbyte/block,1.02
sgemm_large,8192.0,launch_statistics,Dynamic Shared Memory Per Block,byte/block,0
sgemm_large,8192.0,launch_statistics,Static Shared Memory Per Block,Kbyte/block,8.19
sgemm_large,8192.0,launch_statistics,# SMs,SM,8
sgemm_large,8192.0,launch_statistics,Threads,thread,1048576
sgemm_large,8192.0,launch_statistics,Uses Green Context,,0
sgemm_large,8192.0,launch_statistics,Waves Per SM,,341.33
sgemm_large,8192.0,occupancy,Block Limit SM,block,16
sgemm_large,8192.0,occupancy,Block Limit Registers,block,6
sgemm_large,8192.0,occupancy,Block Limit Shared Mem,block,11
sgemm_large,8192.0,occupancy,Block Limit Warps,block,24
sgemm_large,8192.0,occupancy,Theoretical Active Warps per SM,warp,12
sgemm_large,8192.0,occupancy,Theoretical Occupancy,%,25
sgemm_large,8192.0,occupancy,Achieved Occupancy,%,24.94
sgemm_large,8192.0,occupancy,Achieved Active Warps Per SM,warp,11.97
sgemm_large,8192.0,gpu_and_memory_workload,Average L1 Active Cycles,cycle,806562797.25
sgemm_large,8192.0,gpu_and_memory_workload,Total L1 Elapsed Cycles,cycle,6450213424
sgemm_large,8192.0,gpu_and_memory_workload,Average L2 Active Cycles,cycle,805007879.25
sgemm_large,8192.0,gpu_and_memory_workload,Total L2 Elapsed Cycles,cycle,3373863480
sgemm_large,8192.0,gpu_and_memory_workload,Average SM Active Cycles,cycle,806562797.25
sgemm_large,8192.0,gpu_and_memory_workload,Total SM Elapsed Cycles,cycle,6450213424
sgemm_large,8192.0,gpu_and_memory_workload,Average SMSP Active Cycles,cycle,807045207.81
sgemm_large,8192.0,gpu_and_memory_workload,Total SMSP Elapsed Cycles,cycle,25800853696
sgemm_tall,1024.0,speed_of_light,SM Frequency,Mhz,306.00
sgemm_tall,1024.0,speed_of_light,Elapsed Cycles,cycle,3047768
sgemm_tall,1024.0,speed_of_light,Memory Throughput,%,98.46
sgemm_tall,1024.0,speed_of_light,Duration,s,0.00996
sgemm_tall,1024.0,speed_of_light,L1/TEX Cache Throughput,%,98.54
sgemm_tall,1024.0,speed_of_light,L2 Cache Throughput,%,40.07
sgemm_tall,1024.0,speed_of_light,SM Active Cycles,cycle,3043813.88
sgemm_tall,1024.0,speed_of_light,Compute (SM) Throughput,%,42.02
sgemm_tall,1024.0,launch_statistics,Block Size,,128
sgemm_tall,1024.0,launch_statistics,Function Cache Configuration,,CachePreferNone
sgemm_tall,1024.0,launch_statistics,Grid Size,,256
sgemm_tall,1024.0,launch_statistics,Registers Per Thread,register/thread,77
sgemm_tall,1024.0,launch_statistics,Shared Memory Configuration Size,Kbyte,102.40
sgemm_tall,1024.0,launch_statistics,Driver Shared Memory Per Block,Kbyte/block,1.02
sgemm_tall,1024.0,launch_statistics,Dynamic Shared Memory Per Block,byte/block,0
sgemm_tall,1024.0,launch_statistics,Static Shared Memory Per Block,Kbyte/block,10.24
sgemm_tall,1024.0,launch_statistics,# SMs,SM,8
sgemm_tall,1024.0,launch_statistics,Threads,thread,32768
sgemm_tall,1024.0,launch_statistics,Uses Green Context,,0
sgemm_tall,1024.0,launch_statistics,Waves Per SM,,5.33
sgemm_tall,1024.0,occupancy,Block Limit SM,block,16
sgemm_tall,1024.0,occupancy,Block Limit Registers,block,6
sgemm_tall,1024.0,occupancy,Block Limit Shared Mem,block,9
sgemm_tall,1024.0,occupancy,Block Limit Warps,block,12
sgemm_tall,1024.0,occupancy,Theoretical Active Warps per SM,warp,24
sgemm_tall,1024.0,occupancy,Theoretical Occupancy,%,50
sgemm_tall,1024.0,occupancy,Achieved Occupancy,%,47.87
sgemm_tall,1024.0,occupancy,Achieved Active Warps Per SM,warp,22.98
sgemm_tall,1024.0,gpu_and_memory_workload,Average L1 Active Cycles,cycle,3043813.88
sgemm_tall,1024.0,gpu_and_memory_workload,Total L1 Elapsed Cycles,cycle,24371416
sgemm_tall,1024.0,gpu_and_memory_workload,Average L2 Active Cycles,cycle,3011080.50
sgemm_tall,1024.0,gpu_and_memory_workload,Total L2 Elapsed Cycles,cycle,12191052
sgemm_tall,1024.0,gpu_and_memory_workload,Average SM Active Cycles,cycle,3043813.88
sgemm_tall,1024.0,gpu_and_memory_workload,Total SM Elapsed Cycles,cycle,24371416
sgemm_tall,1024.0,gpu_and_memory_workload,Average SMSP Active Cycles,cycle,3043838.53
sgemm_tall,1024.0,gpu_and_memory_workload,Total SMSP Elapsed Cycles,cycle,97485664
sgemm_tall,2048.0,speed_of_light,SM Frequency,Mhz,306.00
sgemm_tall,2048.0,speed_of_light,Elapsed Cycles,cycle,24205431
sgemm_tall,2048.0,speed_of_light,Memory Throughput,%,98.74
sgemm_tall,2048.0,speed_of_light,Duration,s,0.07909999999999999
sgemm_tall,2048.0,speed_of_light,L1/TEX Cache Throughput,%,98.76
sgemm_tall,2048.0,speed_of_light,L2 Cache Throughput,%,43.67
sgemm_tall,2048.0,speed_of_light,SM Active Cycles,cycle,24200101.50
sgemm_tall,2048.0,speed_of_light,Compute (SM) Throughput,%,42.14
sgemm_tall,2048.0,launch_statistics,Block Size,,128
sgemm_tall,2048.0,launch_statistics,Function Cache Configuration,,CachePreferNone
sgemm_tall,2048.0,launch_statistics,Grid Size,,1024
sgemm_tall,2048.0,launch_statistics,Registers Per Thread,register/thread,77
sgemm_tall,2048.0,launch_statistics,Shared Memory Configuration Size,Kbyte,102.40
sgemm_tall,2048.0,launch_statistics,Driver Shared Memory Per Block,Kbyte/block,1.02
sgemm_tall,2048.0,launch_statistics,Dynamic Shared Memory Per Block,byte/block,0
sgemm_tall,2048.0,launch_statistics,Static Shared Memory Per Block,Kbyte/block,10.24
sgemm_tall,2048.0,launch_statistics,# SMs,SM,8
sgemm_tall,2048.0,launch_statistics,Threads,thread,131072
sgemm_tall,2048.0,launch_statistics,Uses Green Context,,0
sgemm_tall,2048.0,launch_statistics,Waves Per SM,,21.33
sgemm_tall,2048.0,occupancy,Block Limit SM,block,16
sgemm_tall,2048.0,occupancy,Block Limit Registers,block,6
sgemm_tall,2048.0,occupancy,Block Limit Shared Mem,block,9
sgemm_tall,2048.0,occupancy,Block Limit Warps,block,12
sgemm_tall,2048.0,occupancy,Theoretical Active Warps per SM,warp,24
sgemm_tall,2048.0,occupancy,Theoretical Occupancy,%,50
sgemm_tall,2048.0,occupancy,Achieved Occupancy,%,49.45
sgemm_tall,2048.0,occupancy,Achieved Active Warps Per SM,warp,23.74
sgemm_tall,2048.0,gpu_and_memory_workload,Average L1 Active Cycles,cycle,24200101.50
sgemm_tall,2048.0,gpu_and_memory_workload,Total L1 Elapsed Cycles,cycle,193629104
sgemm_tall,2048.0,gpu_and_memory_workload,Average L2 Active Cycles,cycle,24169588.75
sgemm_tall,2048.0,gpu_and_memory_workload,Total L2 Elapsed Cycles,cycle,96821716
sgemm_tall,2048.0,gpu_and_memory_workload,Average SM Active Cycles,cycle,24200101.50
sgemm_tall,2048.0,gpu_and_memory_workload,Total SM Elapsed Cycles,cycle,193629104
sgemm_tall,2048.0,gpu_and_memory_workload,Average SMSP Active Cycles,cycle,24200441.31
sgemm_tall,2048.0,gpu_and_memory_workload,Total SMSP Elapsed Cycles,cycle,774516416
sgemm_tall,3072.0,speed_of_light,SM Frequency,Mhz,306.00
sgemm_tall,3072.0,speed_of_light,Elapsed Cycles,cycle,81528095
sgemm_tall,3072.0,speed_of_light,Memory Throughput,%,98.79
sgemm_tall,3072.0,speed_of_light,Duration,s,0.26643
sgemm_tall,3072.0,speed_of_light,L1/TEX Cache Throughput,%,98.81
sgemm_tall,3072.0,speed_of_light,L2 Cache Throughput,%,43.43
sgemm_tall,3072.0,speed_of_light,SM Active Cycles,cycle,81522894.88
sgemm_tall,3072.0,speed_of_light,Compute (SM) Throughput,%,42.16
sgemm_tall,3072.0,launch_statistics,Block Size,,128
sgemm_tall,3072.0,launch_statistics,Function Cache Configuration,,CachePreferNone
sgemm_tall,3072.0,launch_statistics,Grid Size,,2304
sgemm_tall,3072.0,launch_statistics,Registers Per Thread,register/thread,77
sgemm_tall,3072.0,launch_statistics,Shared Memory Configuration Size,Kbyte,102.40
sgemm_tall,3072.0,launch_statistics,Driver Shared Memory Per Block,Kbyte/block,1.02
sgemm_tall,3072.0,launch_statistics,Dynamic Shared Memory Per Block,byte/block,0
sgemm_tall,3072.0,launch_statistics,Static Shared Memory Per Block,Kbyte/block,10.24
sgemm_tall,3072.0,launch_statistics,# SMs,SM,8
sgemm_tall,3072.0,launch_statistics,Threads,thread,294912
sgemm_tall,3072.0,launch_statistics,Uses Green Context,,0
sgemm_tall,3072.0,launch_statistics,Waves Per SM,,48
sgemm_tall,3072.0,occupancy,Block Limit SM,block,16
sgemm_tall,3072.0,occupancy,Block Limit Registers,block,6
sgemm_tall,3072.0,occupancy,Block Limit Shared Mem,block,9
sgemm_tall,3072.0,occupancy,Block Limit Warps,block,12
sgemm_tall,3072.0,occupancy,Theoretical Active Warps per SM,warp,24
sgemm_tall,3072.0,occupancy,Theoretical Occupancy,%,50
sgemm_tall,3072.0,occupancy,Achieved Occupancy,%,49.75
sgemm_tall,3072.0,occupancy,Achieved Active Warps Per SM,warp,23.88
sgemm_tall,3072.0,gpu_and_memory_workload,Average L1 Active Cycles,cycle,81522894.88
sgemm_tall,3072.0,gpu_and_memory_workload,Total L1 Elapsed Cycles,cycle,652306248
sgemm_tall,3072.0,gpu_and_memory_workload,Average L2 Active Cycles,cycle,81600308.25
sgemm_tall,3072.0,gpu_and_memory_workload,Total L2 Elapsed Cycles,cycle,326112384
sgemm_tall,3072.0,gpu_and_memory_workload,Average SM Active Cycles,cycle,81522894.88
sgemm_tall,3072.0,gpu_and_memory_workload,Total SM Elapsed Cycles,cycle,652306248
sgemm_tall,3072.0,gpu_and_memory_workload,Average SMSP Active Cycles,cycle,81532439.91
sgemm_tall,3072.0,gpu_and_memory_workload,Total SMSP Elapsed Cycles,cycle,2609224992
sgemm_tall,4096.0,speed_of_light,SM Frequency,Mhz,406.68
sgemm_tall,4096.0,speed_of_light,Elapsed Cycles,cycle,193214659
sgemm_tall,4096.0,speed_of_light,Memory Throughput,%,98.80
sgemm_tall,4096.0,speed_of_light,Duration,s,0.4751
sgemm_tall,4096.0,speed_of_light,L1/TEX Cache Throughput,%,98.81
sgemm_tall,4096.0,speed_of_light,L2 Cache Throughput,%,43.12
sgemm_tall,4096.0,speed_of_light,SM Active Cycles,cycle,193102558.62
sgemm_tall,4096.0,speed_of_light,Compute (SM) Throughput,%,42.17
sgemm_tall,4096.0,launch_statistics,Block Size,,128
sgemm_tall,4096.0,launch_statistics,Function Cache Configuration,,CachePreferNone
sgemm_tall,4096.0,launch_statistics,Grid Size,,4096
sgemm_tall,4096.0,launch_statistics,Registers Per Thread,register/thread,77
sgemm_tall,4096.0,launch_statistics,Shared Memory Configuration Size,Kbyte,102.40
sgemm_tall,4096.0,launch_statistics,Driver Shared Memory Per Block,Kbyte/block,1.02
sgemm_tall,4096.0,launch_statistics,Dynamic Shared Memory Per Block,byte/block,0
sgemm_tall,4096.0,launch_statistics,Static Shared Memory Per Block,Kbyte/block,10.24
sgemm_tall,4096.0,launch_statistics,# SMs,SM,8
sgemm_tall,4096.0,launch_statistics,Threads,thread,524288
sgemm_tall,4096.0,launch_statistics,Uses Green Context,,0
sgemm_tall,4096.0,launch_statistics,Waves Per SM,,85.33
sgemm_tall,4096.0,occupancy,Block Limit SM,block,16
sgemm_tall,4096.0,occupancy,Block Limit Registers,block,6
sgemm_tall,4096.0,occupancy,Block Limit Shared Mem,block,9
sgemm_tall,4096.0,occupancy,Block Limit Warps,block,12
sgemm_tall,4096.0,occupancy,Theoretical Active Warps per SM,warp,24
sgemm_tall,4096.0,occupancy,Theoretical Occupancy,%,50
sgemm_tall,4096.0,occupancy,Achieved Occupancy,%,49.86
sgemm_tall,4096.0,occupancy,Achieved Active Warps Per SM,warp,23.93
sgemm_tall,4096.0,gpu_and_memory_workload,Average L1 Active Cycles,cycle,193102558.62
sgemm_tall,4096.0,gpu_and_memory_workload,Total L1 Elapsed Cycles,cycle,1544862760
sgemm_tall,4096.0,gpu_and_memory_workload,Average L2 Active Cycles,cycle,192990972.75
sgemm_tall,4096.0,gpu_and_memory_workload,Total L2 Elapsed Cycles,cycle,772858628
sgemm_tall,4096.0,gpu_and_memory_workload,Average SM Active Cycles,cycle,193102558.62
sgemm_tall,4096.0,gpu_and_memory_workload,Total SM Elapsed Cycles,cycle,1544862760
sgemm_tall,4096.0,gpu_and_memory_workload,Average SMSP Active Cycles,cycle,193102289.72
sgemm_tall,4096.0,gpu_and_memory_workload,Total SMSP Elapsed Cycles,cycle,6179451040
sgemm_tall,5120.0,speed_of_light,SM Frequency,Mhz,408.00
sgemm_tall,5120.0,speed_of_light,Elapsed Cycles,cycle,376955371
sgemm_tall,5120.0,speed_of_light,Memory Throughput,%,98.82
sgemm_tall,5120.0,speed_of_light,Duration,s,0.92391
sgemm_tall,5120.0,speed_of_light,L1/TEX Cache Throughput,%,98.82
sgemm_tall,5120.0,speed_of_light,L2 Cache Throughput,%,43.02
sgemm_tall,5120.0,speed_of_light,SM Active Cycles,cycle,376948284.25
sgemm_tall,5120.0,speed_of_light,Compute (SM) Throughput,%,42.17
sgemm_tall,5120.0,launch_statistics,Block Size,,128
sgemm_tall,5120.0,launch_statistics,Function Cache Configuration,,CachePreferNone
sgemm_tall,5120.0,launch_statistics,Grid Size,,6400
sgemm_tall,5120.0,launch_statistics,Registers Per Thread,register/thread,77
sgemm_tall,5120.0,launch_statistics,Shared Memory Configuration Size,Kbyte,102.40
sgemm_tall,5120.0,launch_statistics,Driver Shared Memory Per Block,Kbyte/block,1.02
sgemm_tall,5120.0,launch_statistics,Dynamic Shared Memory Per Block,byte/block,0
sgemm_tall,5120.0,launch_statistics,Static Shared Memory Per Block,Kbyte/block,10.24
sgemm_tall,5120.0,launch_statistics,# SMs,SM,8
sgemm_tall,5120.0,launch_statistics,Threads,thread,819200
sgemm_tall,5120.0,launch_statistics,Uses Green Context,,0
sgemm_tall,5120.0,launch_statistics,Waves Per SM,,133.33
sgemm_tall,5120.0,occupancy,Block Limit SM,block,16
sgemm_tall,5120.0,occupancy,Block Limit Registers,block,6
sgemm_tall,5120.0,occupancy,Block Limit Shared Mem,block,9
sgemm_tall,5120.0,occupancy,Block Limit Warps,block,12
sgemm_tall,5120.0,occupancy,Theoretical Active Warps per SM,warp,24
sgemm_tall,5120.0,occupancy,Theoretical Occupancy,%,50
sgemm_tall,5120.0,occupancy,Achieved Occupancy,%,49.91
sgemm_tall,5120.0,occupancy,Achieved Active Warps Per SM,warp,23.96
sgemm_tall,5120.0,gpu_and_memory_workload,Average L1 Active Cycles,cycle,376948284.25
sgemm_tall,5120.0,gpu_and_memory_workload,Total L1 Elapsed Cycles,cycle,3015644136
sgemm_tall,5120.0,gpu_and_memory_workload,Average L2 Active Cycles,cycle,376861738.50
sgemm_tall,5120.0,gpu_and_memory_workload,Total L2 Elapsed Cycles,cycle,1507821480
sgemm_tall,5120.0,gpu_and_memory_workload,Average SM Active Cycles,cycle,376948284.25
sgemm_tall,5120.0,gpu_and_memory_workload,Total SM Elapsed Cycles,cycle,3015644136
sgemm_tall,5120.0,gpu_and_memory_workload,Average SMSP Active Cycles,cycle,376949214.62
sgemm_tall,5120.0,gpu_and_memory_workload,Total SMSP Elapsed Cycles,cycle,12062576544
sgemm_tall,6144.0,speed_of_light,SM Frequency,Mhz,408.00
sgemm_tall,6144.0,speed_of_light,Elapsed Cycles,cycle,651181344
sgemm_tall,6144.0,speed_of_light,Memory Throughput,%,98.82
sgemm_tall,6144.0,speed_of_light,Duration,s,1.60
sgemm_tall,6144.0,speed_of_light,L1/TEX Cache Throughput,%,98.82
sgemm_tall,6144.0,speed_of_light,L2 Cache Throughput,%,42.92
sgemm_tall,6144.0,speed_of_light,SM Active Cycles,cycle,651174368.75
sgemm_tall,6144.0,speed_of_light,Compute (SM) Throughput,%,42.18
sgemm_tall,6144.0,launch_statistics,Block Size,,128
sgemm_tall,6144.0,launch_statistics,Function Cache Configuration,,CachePreferNone
sgemm_tall,6144.0,launch_statistics,Grid Size,,9216
sgemm_tall,6144.0,launch_statistics,Registers Per Thread,register/thread,77
sgemm_tall,6144.0,launch_statistics,Shared Memory Configuration Size,Kbyte,102.40
sgemm_tall,6144.0,launch_statistics,Driver Shared Memory Per Block,Kbyte/block,1.02
sgemm_tall,6144.0,launch_statistics,Dynamic Shared Memory Per Block,byte/block,0
sgemm_tall,6144.0,launch_statistics,Static Shared Memory Per Block,Kbyte/block,10.24
sgemm_tall,6144.0,launch_statistics,# SMs,SM,8
sgemm_tall,6144.0,launch_statistics,Threads,thread,1179648
sgemm_tall,6144.0,launch_statistics,Uses Green Context,,0
sgemm_tall,6144.0,launch_statistics,Waves Per SM,,192
sgemm_tall,6144.0,occupancy,Block Limit SM,block,16
sgemm_tall,6144.0,occupancy,Block Limit Registers,block,6
sgemm_tall,6144.0,occupancy,Block Limit Shared Mem,block,9
sgemm_tall,6144.0,occupancy,Block Limit Warps,block,12
sgemm_tall,6144.0,occupancy,Theoretical Active Warps per SM,warp,24
sgemm_tall,6144.0,occupancy,Theoretical Occupancy,%,50
sgemm_tall,6144.0,occupancy,Achieved Occupancy,%,49.93
sgemm_tall,6144.0,occupancy,Achieved Active Warps Per SM,warp,23.97
sgemm_tall,6144.0,gpu_and_memory_workload,Average L1 Active Cycles,cycle,651174368.75
sgemm_tall,6144.0,gpu_and_memory_workload,Total L1 Elapsed Cycles,cycle,5209432640
sgemm_tall,6144.0,gpu_and_memory_workload,Average L2 Active Cycles,cycle,650974272.50
sgemm_tall,6144.0,gpu_and_memory_workload,Total L2 Elapsed Cycles,cycle,2604725384
sgemm_tall,6144.0,gpu_and_memory_workload,Average SM Active Cycles,cycle,651174368.75
sgemm_tall,6144.0,gpu_and_memory_workload,Total SM Elapsed Cycles,cycle,5209432640
sgemm_tall,6144.0,gpu_and_memory_workload,Average SMSP Active Cycles,cycle,651175228.28
sgemm_tall,6144.0,gpu_and_memory_workload,Total SMSP Elapsed Cycles,cycle,20837730560
sgemm_tall,7168.0,speed_of_light,SM Frequency,Mhz,408.00
sgemm_tall,7168.0,speed_of_light,Elapsed Cycles,cycle,1033837998
sgemm_tall,7168.0,speed_of_light,Memory Throughput,%,98.82
sgemm_tall,7168.0,speed_of_light,Duration,s,2.53
sgemm_tall,7168.0,speed_of_light,L1/TEX Cache Throughput,%,98.82
sgemm_tall,7168.0,speed_of_light,L2 Cache Throughput,%,42.85
sgemm_tall,7168.0,speed_of_light,SM Active Cycles,cycle,1033830716
sgemm_tall,7168.0,speed_of_light,Compute (SM) Throughput,%,42.18
sgemm_tall,7168.0,launch_statistics,Block Size,,128
sgemm_tall,7168.0,launch_statistics,Function Cache Configuration,,CachePreferNone
sgemm_tall,7168.0,launch_statistics,Grid Size,,12544
sgemm_tall,7168.0,launch_statistics,Registers Per Thread,register/thread,77
sgemm_tall,7168.0,launch_statistics,Shared Memory Configuration Size,Kbyte,102.40
sgemm_tall,7168.0,launch_statistics,Driver Shared Memory Per Block,Kbyte/block,1.02
sgemm_tall,7168.0,launch_statistics,Dynamic Shared Memory Per Block,byte/block,0
sgemm_tall,7168.0,launch_statistics,Static Shared Memory Per Block,Kbyte/block,10.24
sgemm_tall,7168.0,launch_statistics,# SMs,SM,8
sgemm_tall,7168.0,launch_statistics,Threads,thread,1605632
sgemm_tall,7168.0,launch_statistics,Uses Green Context,,0
sgemm_tall,7168.0,launch_statistics,Waves Per SM,,261.33
sgemm_tall,7168.0,occupancy,Block Limit SM,block,16
sgemm_tall,7168.0,occupancy,Block Limit Registers,block,6
sgemm_tall,7168.0,occupancy,Block Limit Shared Mem,block,9
sgemm_tall,7168.0,occupancy,Block Limit Warps,block,12
sgemm_tall,7168.0,occupancy,Theoretical Active Warps per SM,warp,24
sgemm_tall,7168.0,occupancy,Theoretical Occupancy,%,50
sgemm_tall,7168.0,occupancy,Achieved Occupancy,%,49.95
sgemm_tall,7168.0,occupancy,Achieved Active Warps Per SM,warp,23.98
sgemm_tall,7168.0,gpu_and_memory_workload,Average L1 Active Cycles,cycle,1033830716
sgemm_tall,7168.0,gpu_and_memory_workload,Total L1 Elapsed Cycles,cycle,8270681992
sgemm_tall,7168.0,gpu_and_memory_workload,Average L2 Active Cycles,cycle,1033330675.25
sgemm_tall,7168.0,gpu_and_memory_workload,Total L2 Elapsed Cycles,cycle,4135351996
sgemm_tall,7168.0,gpu_and_memory_workload,Average SM Active Cycles,cycle,1033830716
sgemm_tall,7168.0,gpu_and_memory_workload,Total SM Elapsed Cycles,cycle,8270681992
sgemm_tall,7168.0,gpu_and_memory_workload,Average SMSP Active Cycles,cycle,1033832732.41
sgemm_tall,7168.0,gpu_and_memory_workload,Total SMSP Elapsed Cycles,cycle,33082727968
sgemm_tall,8192.0,speed_of_light,SM Frequency,Mhz,406.70
sgemm_tall,8192.0,speed_of_light,Elapsed Cycles,cycle,1543629879
sgemm_tall,8192.0,speed_of_light,Memory Throughput,%,98.82
sgemm_tall,8192.0,speed_of_light,Duration,s,3.80
sgemm_tall,8192.0,speed_of_light,L1/TEX Cache Throughput,%,98.82
sgemm_tall,8192.0,speed_of_light,L2 Cache Throughput,%,42.79
sgemm_tall,8192.0,speed_of_light,SM Active Cycles,cycle,1543019395.50
sgemm_tall,8192.0,speed_of_light,Compute (SM) Throughput,%,42.18
sgemm_tall,8192.0,launch_statistics,Block Size,,128
sgemm_tall,8192.0,launch_statistics,Function Cache Configuration,,CachePreferNone
sgemm_tall,8192.0,launch_statistics,Grid Size,,16384
sgemm_tall,8192.0,launch_statistics,Registers Per Thread,register/thread,77
sgemm_tall,8192.0,launch_statistics,Shared Memory Configuration Size,Kbyte,102.40
sgemm_tall,8192.0,launch_statistics,Driver Shared Memory Per Block,Kbyte/block,1.02
sgemm_tall,8192.0,launch_statistics,Dynamic Shared Memory Per Block,byte/block,0
sgemm_tall,8192.0,launch_statistics,Static Shared Memory Per Block,Kbyte/block,10.24
sgemm_tall,8192.0,launch_statistics,# SMs,SM,8
sgemm_tall,8192.0,launch_statistics,Threads,thread,2097152
sgemm_tall,8192.0,launch_statistics,Uses Green Context,,0
sgemm_tall,8192.0,launch_statistics,Waves Per SM,,341.33
sgemm_tall,8192.0,occupancy,Block Limit SM,block,16
sgemm_tall,8192.0,occupancy,Block Limit Registers,block,6
sgemm_tall,8192.0,occupancy,Block Limit Shared Mem,block,9
sgemm_tall,8192.0,occupancy,Block Limit Warps,block,12
sgemm_tall,8192.0,occupancy,Theoretical Active Warps per SM,warp,24
sgemm_tall,8192.0,occupancy,Theoretical Occupancy,%,50
sgemm_tall,8192.0,occupancy,Achieved Occupancy,%,49.96
sgemm_tall,8192.0,occupancy,Achieved Active Warps Per SM,warp,23.98
sgemm_tall,8192.0,gpu_and_memory_workload,Average L1 Active Cycles,cycle,1543019395.50
sgemm_tall,8192.0,gpu_and_memory_workload,Total L1 Elapsed Cycles,cycle,12344175576
sgemm_tall,8192.0,gpu_and_memory_workload,Average L2 Active Cycles,cycle,1542710439.75
sgemm_tall,8192.0,gpu_and_memory_workload,Total L2 Elapsed Cycles,cycle,6174519336
sgemm_tall,8192.0,gpu_and_memory_workload,Average SM Active Cycles,cycle,1543019395.50
sgemm_tall,8192.0,gpu_and_memory_workload,Total SM Elapsed Cycles,cycle,12344175576
sgemm_tall,8192.0,gpu_and_memory_workload,Average SMSP Active Cycles,cycle,1543015236.97
sgemm_tall,8192.0,gpu_and_memory_workload,Total SMSP Elapsed Cycles,cycle,49376702304
sgemm_wide,1024.0,speed_of_light,SM Frequency,Mhz,305.99
sgemm_wide,1024.0,speed_of_light,Elapsed Cycles,cycle,1901510
sgemm_wide,1024.0,speed_of_light,Memory Throughput,%,90.51
sgemm_wide,1024.0,speed_of_light,Duration,s,0.00621
sgemm_wide,1024.0,speed_of_light,L1/TEX Cache Throughput,%,90.70
sgemm_wide,1024.0,speed_of_light,L2 Cache Throughput,%,37.72
sgemm_wide,1024.0,speed_of_light,SM Active Cycles,cycle,1894899.25
sgemm_wide,1024.0,speed_of_light,Compute (SM) Throughput,%,67.42
sgemm_wide,1024.0,launch_statistics,Block Size,,128
sgemm_wide,1024.0,launch_statistics,Function Cache Configuration,,CachePreferNone
sgemm_wide,1024.0,launch_statistics,Grid Size,,256
sgemm_wide,1024.0,launch_statistics,Registers Per Thread,register/thread,77
sgemm_wide,1024.0,launch_statistics,Shared Memory Configuration Size,Kbyte,102.40
sgemm_wide,1024.0,launch_statistics,Driver Shared Memory Per Block,Kbyte/block,1.02
sgemm_wide,1024.0,launch_statistics,Dynamic Shared Memory Per Block,byte/block,0
sgemm_wide,1024.0,launch_statistics,Static Shared Memory Per Block,Kbyte/block,10.24
sgemm_wide,1024.0,launch_statistics,# SMs,SM,8
sgemm_wide,1024.0,launch_statistics,Threads,thread,32768
sgemm_wide,1024.0,launch_statistics,Uses Green Context,,0
sgemm_wide,1024.0,launch_statistics,Waves Per SM,,5.33
sgemm_wide,1024.0,occupancy,Block Limit SM,block,16
sgemm_wide,1024.0,occupancy,Block Limit Registers,block,6
sgemm_wide,1024.0,occupancy,Block Limit Shared Mem,block,9
sgemm_wide,1024.0,occupancy,Block Limit Warps,block,12
sgemm_wide,1024.0,occupancy,Theoretical Active Warps per SM,warp,24
sgemm_wide,1024.0,occupancy,Theoretical Occupancy,%,50
sgemm_wide,1024.0,occupancy,Achieved Occupancy,%,47.75
sgemm_wide,1024.0,occupancy,Achieved Active Warps Per SM,warp,22.92
sgemm_wide,1024.0,gpu_and_memory_workload,Average L1 Active Cycles,cycle,1894899.25
sgemm_wide,1024.0,gpu_and_memory_workload,Total L1 Elapsed Cycles,cycle,15192080
sgemm_wide,1024.0,gpu_and_memory_workload,Average L2 Active Cycles,cycle,1893527.25
sgemm_wide,1024.0,gpu_and_memory_workload,Total L2 Elapsed Cycles,cycle,7606032
sgemm_wide,1024.0,gpu_and_memory_workload,Average SM Active Cycles,cycle,1894899.25
sgemm_wide,1024.0,gpu_and_memory_workload,Total SM Elapsed Cycles,cycle,15192080
sgemm_wide,1024.0,gpu_and_memory_workload,Average SMSP Active Cycles,cycle,1894758.94
sgemm_wide,1024.0,gpu_and_memory_workload,Total SMSP Elapsed Cycles,cycle,60768320
sgemm_wide,2048.0,speed_of_light,SM Frequency,Mhz,306.00
sgemm_wide,2048.0,speed_of_light,Elapsed Cycles,cycle,14968712
sgemm_wide,2048.0,speed_of_light,Memory Throughput,%,91.26
sgemm_wide,2048.0,speed_of_light,Duration,s,0.048920000000000005
sgemm_wide,2048.0,speed_of_light,L1/TEX Cache Throughput,%,91.30
sgemm_wide,2048.0,speed_of_light,L2 Cache Throughput,%,38.67
sgemm_wide,2048.0,speed_of_light,SM Active Cycles,cycle,14956402.25
sgemm_wide,2048.0,speed_of_light,Compute (SM) Throughput,%,68.18
sgemm_wide,2048.0,launch_statistics,Block Size,,128
sgemm_wide,2048.0,launch_statistics,Function Cache Configuration,,CachePreferNone
sgemm_wide,2048.0,launch_statistics,Grid Size,,1024
sgemm_wide,2048.0,launch_statistics,Registers Per Thread,register/thread,77
sgemm_wide,2048.0,launch_statistics,Shared Memory Configuration Size,Kbyte,102.40
sgemm_wide,2048.0,launch_statistics,Driver Shared Memory Per Block,Kbyte/block,1.02
sgemm_wide,2048.0,launch_statistics,Dynamic Shared Memory Per Block,byte/block,0
sgemm_wide,2048.0,launch_statistics,Static Shared Memory Per Block,Kbyte/block,10.24
sgemm_wide,2048.0,launch_statistics,# SMs,SM,8
sgemm_wide,2048.0,launch_statistics,Threads,thread,131072
sgemm_wide,2048.0,launch_statistics,Uses Green Context,,0
sgemm_wide,2048.0,launch_statistics,Waves Per SM,,21.33
sgemm_wide,2048.0,occupancy,Block Limit SM,block,16
sgemm_wide,2048.0,occupancy,Block Limit Registers,block,6
sgemm_wide,2048.0,occupancy,Block Limit Shared Mem,block,9
sgemm_wide,2048.0,occupancy,Block Limit Warps,block,12
sgemm_wide,2048.0,occupancy,Theoretical Active Warps per SM,warp,24
sgemm_wide,2048.0,occupancy,Theoretical Occupancy,%,50
sgemm_wide,2048.0,occupancy,Achieved Occupancy,%,49.42
sgemm_wide,2048.0,occupancy,Achieved Active Warps Per SM,warp,23.72
sgemm_wide,2048.0,gpu_and_memory_workload,Average L1 Active Cycles,cycle,14956402.25
sgemm_wide,2048.0,gpu_and_memory_workload,Total L1 Elapsed Cycles,cycle,119692616
sgemm_wide,2048.0,gpu_and_memory_workload,Average L2 Active Cycles,cycle,14950229.25
sgemm_wide,2048.0,gpu_and_memory_workload,Total L2 Elapsed Cycles,cycle,59874840
sgemm_wide,2048.0,gpu_and_memory_workload,Average SM Active Cycles,cycle,14956402.25
sgemm_wide,2048.0,gpu_and_memory_workload,Total SM Elapsed Cycles,cycle,119692616
sgemm_wide,2048.0,gpu_and_memory_workload,Average SMSP Active Cycles,cycle,14957462.84
sgemm_wide,2048.0,gpu_and_memory_workload,Total SMSP Elapsed Cycles,cycle,478770464
sgemm_wide,3072.0,speed_of_light,SM Frequency,Mhz,306.00
sgemm_wide,3072.0,speed_of_light,Elapsed Cycles,cycle,50306091
sgemm_wide,3072.0,speed_of_light,Memory Throughput,%,91.47
sgemm_wide,3072.0,speed_of_light,Duration,s,0.16440000000000002
sgemm_wide,3072.0,speed_of_light,L1/TEX Cache Throughput,%,91.45
sgemm_wide,3072.0,speed_of_light,L2 Cache Throughput,%,38.57
sgemm_wide,3072.0,speed_of_light,SM Active Cycles,cycle,50283331
sgemm_wide,3072.0,speed_of_light,Compute (SM) Throughput,%,68.39
sgemm_wide,3072.0,launch_statistics,Block Size,,128
sgemm_wide,3072.0,launch_statistics,Function Cache Configuration,,CachePreferNone
sgemm_wide,3072.0,launch_statistics,Grid Size,,2304
sgemm_wide,3072.0,launch_statistics,Registers Per Thread,register/thread,77
sgemm_wide,3072.0,launch_statistics,Shared Memory Configuration Size,Kbyte,102.40
sgemm_wide,3072.0,launch_statistics,Driver Shared Memory Per Block,Kbyte/block,1.02
sgemm_wide,3072.0,launch_statistics,Dynamic Shared Memory Per Block,byte/block,0
sgemm_wide,3072.0,launch_statistics,Static Shared Memory Per Block,Kbyte/block,10.24
sgemm_wide,3072.0,launch_statistics,# SMs,SM,8
sgemm_wide,3072.0,launch_statistics,Threads,thread,294912
sgemm_wide,3072.0,launch_statistics,Uses Green Context,,0
sgemm_wide,3072.0,launch_statistics,Waves Per SM,,48
sgemm_wide,3072.0,occupancy,Block Limit SM,block,16
sgemm_wide,3072.0,occupancy,Block Limit Registers,block,6
sgemm_wide,3072.0,occupancy,Block Limit Shared Mem,block,9
sgemm_wide,3072.0,occupancy,Block Limit Warps,block,12
sgemm_wide,3072.0,occupancy,Theoretical Active Warps per SM,warp,24
sgemm_wide,3072.0,occupancy,Theoretical Occupancy,%,50
sgemm_wide,3072.0,occupancy,Achieved Occupancy,%,49.74
sgemm_wide,3072.0,occupancy,Achieved Active Warps Per SM,warp,23.87
sgemm_wide,3072.0,gpu_and_memory_workload,Average L1 Active Cycles,cycle,50283331
sgemm_wide,3072.0,gpu_and_memory_workload,Total L1 Elapsed Cycles,cycle,402171864
sgemm_wide,3072.0,gpu_and_memory_workload,Average L2 Active Cycles,cycle,50420804.25
sgemm_wide,3072.0,gpu_and_memory_workload,Total L2 Elapsed Cycles,cycle,201224376
sgemm_wide,3072.0,gpu_and_memory_workload,Average SM Active Cycles,cycle,50283331
sgemm_wide,3072.0,gpu_and_memory_workload,Total SM Elapsed Cycles,cycle,402171864
sgemm_wide,3072.0,gpu_and_memory_workload,Average SMSP Active Cycles,cycle,50258744.81
sgemm_wide,3072.0,gpu_and_memory_workload,Total SMSP Elapsed Cycles,cycle,1608687456
sgemm_wide,4096.0,speed_of_light,SM Frequency,Mhz,408.00
sgemm_wide,4096.0,speed_of_light,Elapsed Cycles,cycle,119054913
sgemm_wide,4096.0,speed_of_light,Memory Throughput,%,91.44
sgemm_wide,4096.0,speed_of_light,Duration,s,0.2918
sgemm_wide,4096.0,speed_of_light,L1/TEX Cache Throughput,%,91.46
sgemm_wide,4096.0,speed_of_light,L2 Cache Throughput,%,38.68
sgemm_wide,4096.0,speed_of_light,SM Active Cycles,cycle,119007636.25
sgemm_wide,4096.0,speed_of_light,Compute (SM) Throughput,%,68.41
sgemm_wide,4096.0,launch_statistics,Block Size,,128
sgemm_wide,4096.0,launch_statistics,Function Cache Configuration,,CachePreferNone
sgemm_wide,4096.0,launch_statistics,Grid Size,,4096
sgemm_wide,4096.0,launch_statistics,Registers Per Thread,register/thread,77
sgemm_wide,4096.0,launch_statistics,Shared Memory Configuration Size,Kbyte,102.40
sgemm_wide,4096.0,launch_statistics,Driver Shared Memory Per Block,Kbyte/block,1.02
sgemm_wide,4096.0,launch_statistics,Dynamic Shared Memory Per Block,byte/block,0
sgemm_wide,4096.0,launch_statistics,Static Shared Memory Per Block,Kbyte/block,10.24
sgemm_wide,4096.0,launch_statistics,# SMs,SM,8
sgemm_wide,4096.0,launch_statistics,Threads,thread,524288
sgemm_wide,4096.0,launch_statistics,Uses Green Context,,0
sgemm_wide,4096.0,launch_statistics,Waves Per SM,,85.33
sgemm_wide,4096.0,occupancy,Block Limit SM,block,16
sgemm_wide,4096.0,occupancy,Block Limit Registers,block,6
sgemm_wide,4096.0,occupancy,Block Limit Shared Mem,block,9
sgemm_wide,4096.0,occupancy,Block Limit Warps,block,12
sgemm_wide,4096.0,occupancy,Theoretical Active Warps per SM,warp,24
sgemm_wide,4096.0,occupancy,Theoretical Occupancy,%,50
sgemm_wide,4096.0,occupancy,Achieved Occupancy,%,49.85
sgemm_wide,4096.0,occupancy,Achieved Active Warps Per SM,warp,23.93
sgemm_wide,4096.0,gpu_and_memory_workload,Average L1 Active Cycles,cycle,119007636.25
sgemm_wide,4096.0,gpu_and_memory_workload,Total L1 Elapsed Cycles,cycle,952282512
sgemm_wide,4096.0,gpu_and_memory_workload,Average L2 Active Cycles,cycle,119016247.25
sgemm_wide,4096.0,gpu_and_memory_workload,Total L2 Elapsed Cycles,cycle,476219628
sgemm_wide,4096.0,gpu_and_memory_workload,Average SM Active Cycles,cycle,119007636.25
sgemm_wide,4096.0,gpu_and_memory_workload,Total SM Elapsed Cycles,cycle,952282512
sgemm_wide,4096.0,gpu_and_memory_workload,Average SMSP Active Cycles,cycle,118996330.81
sgemm_wide,4096.0,gpu_and_memory_workload,Total SMSP Elapsed Cycles,cycle,3809130048
sgemm_wide,5120.0,speed_of_light,SM Frequency,Mhz,408.00
sgemm_wide,5120.0,speed_of_light,Elapsed Cycles,cycle,232175223
sgemm_wide,5120.0,speed_of_light,Memory Throughput,%,91.51
sgemm_wide,5120.0,speed_of_light,Duration,s,0.5690599999999999
sgemm_wide,5120.0,speed_of_light,L1/TEX Cache Throughput,%,91.51
sgemm_wide,5120.0,speed_of_light,L2 Cache Throughput,%,38.76
sgemm_wide,5120.0,speed_of_light,SM Active Cycles,cycle,232150480.62
sgemm_wide,5120.0,speed_of_light,Compute (SM) Throughput,%,68.48
sgemm_wide,5120.0,launch_statistics,Block Size,,128
sgemm_wide,5120.0,launch_statistics,Function Cache Configuration,,CachePreferNone
sgemm_wide,5120.0,launch_statistics,Grid Size,,6400
sgemm_wide,5120.0,launch_statistics,Registers Per Thread,register/thread,77
sgemm_wide,5120.0,launch_statistics,Shared Memory Configuration Size,Kbyte,102.40
sgemm_wide,5120.0,launch_statistics,Driver Shared Memory Per Block,Kbyte/block,1.02
sgemm_wide,5120.0,launch_statistics,Dynamic Shared Memory Per Block,byte/block,0
sgemm_wide,5120.0,launch_statistics,Static Shared Memory Per Block,Kbyte/block,10.24
sgemm_wide,5120.0,launch_statistics,# SMs,SM,8
sgemm_wide,5120.0,launch_statistics,Threads,thread,819200
sgemm_wide,5120.0,launch_statistics,Uses Green Context,,0
sgemm_wide,5120.0,launch_statistics,Waves Per SM,,133.33
sgemm_wide,5120.0,occupancy,Block Limit SM,block,16
sgemm_wide,5120.0,occupancy,Block Limit Registers,block,6
sgemm_wide,5120.0,occupancy,Block Limit Shared Mem,block,9
sgemm_wide,5120.0,occupancy,Block Limit Warps,block,12
sgemm_wide,5120.0,occupancy,Theoretical Active Warps per SM,warp,24
sgemm_wide,5120.0,occupancy,Theoretical Occupancy,%,50
sgemm_wide,5120.0,occupancy,Achieved Occupancy,%,49.90
sgemm_wide,5120.0,occupancy,Achieved Active Warps Per SM,warp,23.95
sgemm_wide,5120.0,gpu_and_memory_workload,Average L1 Active Cycles,cycle,232150480.62
sgemm_wide,5120.0,gpu_and_memory_workload,Total L1 Elapsed Cycles,cycle,1857338904
sgemm_wide,5120.0,gpu_and_memory_workload,Average L2 Active Cycles,cycle,232124741.25
sgemm_wide,5120.0,gpu_and_memory_workload,Total L2 Elapsed Cycles,cycle,928700872
sgemm_wide,5120.0,gpu_and_memory_workload,Average SM Active Cycles,cycle,232150480.62
sgemm_wide,5120.0,gpu_and_memory_workload,Total SM Elapsed Cycles,cycle,1857338904
sgemm_wide,5120.0,gpu_and_memory_workload,Average SMSP Active Cycles,cycle,232141248.19
sgemm_wide,5120.0,gpu_and_memory_workload,Total SMSP Elapsed Cycles,cycle,7429355616
sgemm_wide,6144.0,speed_of_light,SM Frequency,Mhz,408.00
sgemm_wide,6144.0,speed_of_light,Elapsed Cycles,cycle,406965730
sgemm_wide,6144.0,speed_of_light,Memory Throughput,%,90.13
sgemm_wide,6144.0,speed_of_light,Duration,s,0.9974700000000001
sgemm_wide,6144.0,speed_of_light,L1/TEX Cache Throughput,%,90.13
sgemm_wide,6144.0,speed_of_light,L2 Cache Throughput,%,37.76
sgemm_wide,6144.0,speed_of_light,SM Active Cycles,cycle,406941159.50
sgemm_wide,6144.0,speed_of_light,Compute (SM) Throughput,%,67.49
sgemm_wide,6144.0,launch_statistics,Block Size,,128
sgemm_wide,6144.0,launch_statistics,Function Cache Configuration,,CachePreferNone
sgemm_wide,6144.0,launch_statistics,Grid Size,,9216
sgemm_wide,6144.0,launch_statistics,Registers Per Thread,register/thread,77
sgemm_wide,6144.0,launch_statistics,Shared Memory Configuration Size,Kbyte,102.40
sgemm_wide,6144.0,launch_statistics,Driver Shared Memory Per Block,Kbyte/block,1.02
sgemm_wide,6144.0,launch_statistics,Dynamic Shared Memory Per Block,byte/block,0
sgemm_wide,6144.0,launch_statistics,Static Shared Memory Per Block,Kbyte/block,10.24
sgemm_wide,6144.0,launch_statistics,# SMs,SM,8
sgemm_wide,6144.0,launch_statistics,Threads,thread,1179648
sgemm_wide,6144.0,launch_statistics,Uses Green Context,,0
sgemm_wide,6144.0,launch_statistics,Waves Per SM,,192
sgemm_wide,6144.0,occupancy,Block Limit SM,block,16
sgemm_wide,6144.0,occupancy,Block Limit Registers,block,6
sgemm_wide,6144.0,occupancy,Block Limit Shared Mem,block,9
sgemm_wide,6144.0,occupancy,Block Limit Warps,block,12
sgemm_wide,6144.0,occupancy,Theoretical Active Warps per SM,warp,24
sgemm_wide,6144.0,occupancy,Theoretical Occupancy,%,50
sgemm_wide,6144.0,occupancy,Achieved Occupancy,%,49.92
sgemm_wide,6144.0,occupancy,Achieved Active Warps Per SM,warp,23.96
sgemm_wide,6144.0,gpu_and_memory_workload,Average L1 Active Cycles,cycle,406941159.50
sgemm_wide,6144.0,gpu_and_memory_workload,Total L1 Elapsed Cycles,cycle,3255655288
sgemm_wide,6144.0,gpu_and_memory_workload,Average L2 Active Cycles,cycle,405755939.75
sgemm_wide,6144.0,gpu_and_memory_workload,Total L2 Elapsed Cycles,cycle,1627862912
sgemm_wide,6144.0,gpu_and_memory_workload,Average SM Active Cycles,cycle,406941159.50
sgemm_wide,6144.0,gpu_and_memory_workload,Total SM Elapsed Cycles,cycle,3255655288
sgemm_wide,6144.0,gpu_and_memory_workload,Average SMSP Active Cycles,cycle,406940516.97
sgemm_wide,6144.0,gpu_and_memory_workload,Total SMSP Elapsed Cycles,cycle,13022621152
sgemm_wide,7168.0,speed_of_light,SM Frequency,Mhz,408.00
sgemm_wide,7168.0,speed_of_light,Elapsed Cycles,cycle,648928310
sgemm_wide,7168.0,speed_of_light,Memory Throughput,%,89.64
sgemm_wide,7168.0,speed_of_light,Duration,s,1.59
sgemm_wide,7168.0,speed_of_light,L1/TEX Cache Throughput,%,89.77
sgemm_wide,7168.0,speed_of_light,L2 Cache Throughput,%,44.93
sgemm_wide,7168.0,speed_of_light,SM Active Cycles,cycle,648572438.75
sgemm_wide,7168.0,speed_of_light,Compute (SM) Throughput,%,67.14
sgemm_wide,7168.0,launch_statistics,Block Size,,128
sgemm_wide,7168.0,launch_statistics,Function Cache Configuration,,CachePreferNone
sgemm_wide,7168.0,launch_statistics,Grid Size,,12544
sgemm_wide,7168.0,launch_statistics,Registers Per Thread,register/thread,77
sgemm_wide,7168.0,launch_statistics,Shared Memory Configuration Size,Kbyte,102.40
sgemm_wide,7168.0,launch_statistics,Driver Shared Memory Per Block,Kbyte/block,1.02
sgemm_wide,7168.0,launch_statistics,Dynamic Shared Memory Per Block,byte/block,0
sgemm_wide,7168.0,launch_statistics,Static Shared Memory Per Block,Kbyte/block,10.24
sgemm_wide,7168.0,launch_statistics,# SMs,SM,8
sgemm_wide,7168.0,launch_statistics,Threads,thread,1605632
sgemm_wide,7168.0,launch_statistics,Uses Green Context,,0
sgemm_wide,7168.0,launch_statistics,Waves Per SM,,261.33
sgemm_wide,7168.0,occupancy,Block Limit SM,block,16
sgemm_wide,7168.0,occupancy,Block Limit Registers,block,6
sgemm_wide,7168.0,occupancy,Block Limit Shared Mem,block,9
sgemm_wide,7168.0,occupancy,Block Limit Warps,block,12
sgemm_wide,7168.0,occupancy,Theoretical Active Warps per SM,warp,24
sgemm_wide,7168.0,occupancy,Theoretical Occupancy,%,50
sgemm_wide,7168.0,occupancy,Achieved Occupancy,%,49.95
sgemm_wide,7168.0,occupancy,Achieved Active Warps Per SM,warp,23.97
sgemm_wide,7168.0,gpu_and_memory_workload,Average L1 Active Cycles,cycle,648572438.75
sgemm_wide,7168.0,gpu_and_memory_workload,Total L1 Elapsed Cycles,cycle,5195894048
sgemm_wide,7168.0,gpu_and_memory_workload,Average L2 Active Cycles,cycle,650154362.75
sgemm_wide,7168.0,gpu_and_memory_workload,Total L2 Elapsed Cycles,cycle,2595713236
sgemm_wide,7168.0,gpu_and_memory_workload,Average SM Active Cycles,cycle,648572438.75
sgemm_wide,7168.0,gpu_and_memory_workload,Total SM Elapsed Cycles,cycle,5195894048
sgemm_wide,7168.0,gpu_and_memory_workload,Average SMSP Active Cycles,cycle,650159910.25
sgemm_wide,7168.0,gpu_and_memory_workload,Total SMSP Elapsed Cycles,cycle,20783576192
sgemm_wide,8192.0,speed_of_light,SM Frequency,Mhz,408.00
sgemm_wide,8192.0,speed_of_light,Elapsed Cycles,cycle,974221771
sgemm_wide,8192.0,speed_of_light,Memory Throughput,%,89.54
sgemm_wide,8192.0,speed_of_light,Duration,s,2.39
sgemm_wide,8192.0,speed_of_light,L1/TEX Cache Throughput,%,89.74
sgemm_wide,8192.0,speed_of_light,L2 Cache Throughput,%,39.90
sgemm_wide,8192.0,speed_of_light,SM Active Cycles,cycle,968163316.62
sgemm_wide,8192.0,speed_of_light,Compute (SM) Throughput,%,67.07
sgemm_wide,8192.0,launch_statistics,Block Size,,128
sgemm_wide,8192.0,launch_statistics,Function Cache Configuration,,CachePreferNone
sgemm_wide,8192.0,launch_statistics,Grid Size,,16384
sgemm_wide,8192.0,launch_statistics,Registers Per Thread,register/thread,77
sgemm_wide,8192.0,launch_statistics,Shared Memory Configuration Size,Kbyte,102.40
sgemm_wide,8192.0,launch_statistics,Driver Shared Memory Per Block,Kbyte/block,1.02
sgemm_wide,8192.0,launch_statistics,Dynamic Shared Memory Per Block,byte/block,0
sgemm_wide,8192.0,launch_statistics,Static Shared Memory Per Block,Kbyte/block,10.24
sgemm_wide,8192.0,launch_statistics,# SMs,SM,8
sgemm_wide,8192.0,launch_statistics,Threads,thread,2097152
sgemm_wide,8192.0,launch_statistics,Uses Green Context,,0
sgemm_wide,8192.0,launch_statistics,Waves Per SM,,341.33
sgemm_wide,8192.0,occupancy,Block Limit SM,block,16
sgemm_wide,8192.0,occupancy,Block Limit Registers,block,6
sgemm_wide,8192.0,occupancy,Block Limit Shared Mem,block,9
sgemm_wide,8192.0,occupancy,Block Limit Warps,block,12
sgemm_wide,8192.0,occupancy,Theoretical Active Warps per SM,warp,24
sgemm_wide,8192.0,occupancy,Theoretical Occupancy,%,50
sgemm_wide,8192.0,occupancy,Achieved Occupancy,%,49.95
sgemm_wide,8192.0,occupancy,Achieved Active Warps Per SM,warp,23.98
sgemm_wide,8192.0,gpu_and_memory_workload,Average L1 Active Cycles,cycle,968163316.62
sgemm_wide,8192.0,gpu_and_memory_workload,Total L1 Elapsed Cycles,cycle,7762078416
sgemm_wide,8192.0,gpu_and_memory_workload,Average L2 Active Cycles,cycle,966311239.25
sgemm_wide,8192.0,gpu_and_memory_workload,Total L2 Elapsed Cycles,cycle,3896887060
sgemm_wide,8192.0,gpu_and_memory_workload,Average SM Active Cycles,cycle,968163316.62
sgemm_wide,8192.0,gpu_and_memory_workload,Total SM Elapsed Cycles,cycle,7762078416
sgemm_wide,8192.0,gpu_and_memory_workload,Average SMSP Active Cycles,cycle,967673717.72
sgemm_wide,8192.0,gpu_and_memory_workload,Total SMSP Elapsed Cycles,cycle,31048313664
sgemm_huge,1024.0,speed_of_light,SM Frequency,Mhz,305.99
sgemm_huge,1024.0,speed_of_light,Elapsed Cycles,cycle,1537563
sgemm_huge,1024.0,speed_of_light,Memory Throughput,%,62.44
sgemm_huge,1024.0,speed_of_light,Duration,s,0.005019999999999999
sgemm_huge,1024.0,speed_of_light,L1/TEX Cache Throughput,%,62.84
sgemm_huge,1024.0,speed_of_light,L2 Cache Throughput,%,28.01
sgemm_huge,1024.0,speed_of_light,SM Active Cycles,cycle,1525990.88
sgemm_huge,1024.0,speed_of_light,Compute (SM) Throughput,%,75.88
sgemm_huge,1024.0,launch_statistics,Block Size,,256
sgemm_huge,1024.0,launch_statistics,Function Cache Configuration,,CachePreferNone
sgemm_huge,1024.0,launch_statistics,Grid Size,,64
sgemm_huge,1024.0,launch_statistics,Registers Per Thread,register/thread,126
sgemm_huge,1024.0,launch_statistics,Shared Memory Configuration Size,Kbyte,102.40
sgemm_huge,1024.0,launch_statistics,Driver Shared Memory Per Block,Kbyte/block,1.02
sgemm_huge,1024.0,launch_statistics,Dynamic Shared Memory Per Block,byte/block,0
sgemm_huge,1024.0,launch_statistics,Static Shared Memory Per Block,Kbyte/block,16.38
sgemm_huge,1024.0,launch_statistics,# SMs,SM,8
sgemm_huge,1024.0,launch_statistics,Threads,thread,16384
sgemm_huge,1024.0,launch_statistics,Uses Green Context,,0
sgemm_huge,1024.0,launch_statistics,Waves Per SM,,4
sgemm_huge,1024.0,occupancy,Block Limit SM,block,16
sgemm_huge,1024.0,occupancy,Block Limit Registers,block,2
sgemm_huge,1024.0,occupancy,Block Limit Shared Mem,block,5
sgemm_huge,1024.0,occupancy,Block Limit Warps,block,6
sgemm_huge,1024.0,occupancy,Theoretical Active Warps per SM,warp,16
sgemm_huge,1024.0,occupancy,Theoretical Occupancy,%,33.33
sgemm_huge,1024.0,occupancy,Achieved Occupancy,%,31.92
sgemm_huge,1024.0,occupancy,Achieved Active Warps Per SM,warp,15.32
sgemm_huge,1024.0,gpu_and_memory_workload,Average L1 Active Cycles,cycle,1525990.88
sgemm_huge,1024.0,gpu_and_memory_workload,Total L1 Elapsed Cycles,cycle,12286016
sgemm_huge,1024.0,gpu_and_memory_workload,Average L2 Active Cycles,cycle,1455321
sgemm_huge,1024.0,gpu_and_memory_workload,Total L2 Elapsed Cycles,cycle,6150232
sgemm_huge,1024.0,gpu_and_memory_workload,Average SM Active Cycles,cycle,1525990.88
sgemm_huge,1024.0,gpu_and_memory_workload,Total SM Elapsed Cycles,cycle,12286016
sgemm_huge,1024.0,gpu_and_memory_workload,Average SMSP Active Cycles,cycle,1527714.44
sgemm_huge,1024.0,gpu_and_memory_workload,Total SMSP Elapsed Cycles,cycle,49144064
sgemm_huge,2048.0,speed_of_light,SM Frequency,Mhz,306.00
sgemm_huge,2048.0,speed_of_light,Elapsed Cycles,cycle,11914820
sgemm_huge,2048.0,speed_of_light,Memory Throughput,%,63.80
sgemm_huge,2048.0,speed_of_light,Duration,s,0.038939999999999995
sgemm_huge,2048.0,speed_of_light,L1/TEX Cache Throughput,%,63.76
sgemm_huge,2048.0,speed_of_light,L2 Cache Throughput,%,27.62
sgemm_huge,2048.0,speed_of_light,SM Active Cycles,cycle,11904343.38
sgemm_huge,2048.0,speed_of_light,Compute (SM) Throughput,%,78.16
sgemm_huge,2048.0,launch_statistics,Block Size,,256
sgemm_huge,2048.0,launch_statistics,Function Cache Configuration,,CachePreferNone
sgemm_huge,2048.0,launch_statistics,Grid Size,,256
sgemm_huge,2048.0,launch_statistics,Registers Per Thread,register/thread,126
sgemm_huge,2048.0,launch_statistics,Shared Memory Configuration Size,Kbyte,102.40
sgemm_huge,2048.0,launch_statistics,Driver Shared Memory Per Block,Kbyte/block,1.02
sgemm_huge,2048.0,launch_statistics,Dynamic Shared Memory Per Block,byte/block,0
sgemm_huge,2048.0,launch_statistics,Static Shared Memory Per Block,Kbyte/block,16.38
sgemm_huge,2048.0,launch_statistics,# SMs,SM,8
sgemm_huge,2048.0,launch_statistics,Threads,thread,65536
sgemm_huge,2048.0,launch_statistics,Uses Green Context,,0
sgemm_huge,2048.0,launch_statistics,Waves Per SM,,16
sgemm_huge,2048.0,occupancy,Block Limit SM,block,16
sgemm_huge,2048.0,occupancy,Block Limit Registers,block,2
sgemm_huge,2048.0,occupancy,Block Limit Shared Mem,block,5
sgemm_huge,2048.0,occupancy,Block Limit Warps,block,6
sgemm_huge,2048.0,occupancy,Theoretical Active Warps per SM,warp,16
sgemm_huge,2048.0,occupancy,Theoretical Occupancy,%,33.33
sgemm_huge,2048.0,occupancy,Achieved Occupancy,%,32.95
sgemm_huge,2048.0,occupancy,Achieved Active Warps Per SM,warp,15.82
sgemm_huge,2048.0,gpu_and_memory_workload,Average L1 Active Cycles,cycle,11904343.38
sgemm_huge,2048.0,gpu_and_memory_workload,Total L1 Elapsed Cycles,cycle,95169144
sgemm_huge,2048.0,gpu_and_memory_workload,Average L2 Active Cycles,cycle,11509829.50
sgemm_huge,2048.0,gpu_and_memory_workload,Total L2 Elapsed Cycles,cycle,47659292
sgemm_huge,2048.0,gpu_and_memory_workload,Average SM Active Cycles,cycle,11904343.38
sgemm_huge,2048.0,gpu_and_memory_workload,Total SM Elapsed Cycles,cycle,95169144
sgemm_huge,2048.0,gpu_and_memory_workload,Average SMSP Active Cycles,cycle,11893720.28
sgemm_huge,2048.0,gpu_and_memory_workload,Total SMSP Elapsed Cycles,cycle,380676576
sgemm_huge,3072.0,speed_of_light,SM Frequency,Mhz,306.00
sgemm_huge,3072.0,speed_of_light,Elapsed Cycles,cycle,39918547
sgemm_huge,3072.0,speed_of_light,Memory Throughput,%,64.00
sgemm_huge,3072.0,speed_of_light,Duration,s,0.13044999999999998
sgemm_huge,3072.0,speed_of_light,L1/TEX Cache Throughput,%,63.96
sgemm_huge,3072.0,speed_of_light,L2 Cache Throughput,%,26.85
sgemm_huge,3072.0,speed_of_light,SM Active Cycles,cycle,39911260
sgemm_huge,3072.0,speed_of_light,Compute (SM) Throughput,%,78.61
sgemm_huge,3072.0,launch_statistics,Block Size,,256
sgemm_huge,3072.0,launch_statistics,Function Cache Configuration,,CachePreferNone
sgemm_huge,3072.0,launch_statistics,Grid Size,,576
sgemm_huge,3072.0,launch_statistics,Registers Per Thread,register/thread,126
sgemm_huge,3072.0,launch_statistics,Shared Memory Configuration Size,Kbyte,102.40
sgemm_huge,3072.0,launch_statistics,Driver Shared Memory Per Block,Kbyte/block,1.02
sgemm_huge,3072.0,launch_statistics,Dynamic Shared Memory Per Block,byte/block,0
sgemm_huge,3072.0,launch_statistics,Static Shared Memory Per Block,Kbyte/block,16.38
sgemm_huge,3072.0,launch_statistics,# SMs,SM,8
sgemm_huge,3072.0,launch_statistics,Threads,thread,147456
sgemm_huge,3072.0,launch_statistics,Uses Green Context,,0
sgemm_huge,3072.0,launch_statistics,Waves Per SM,,36
sgemm_huge,3072.0,occupancy,Block Limit SM,block,16
sgemm_huge,3072.0,occupancy,Block Limit Registers,block,2
sgemm_huge,3072.0,occupancy,Block Limit Shared Mem,block,5
sgemm_huge,3072.0,occupancy,Block Limit Warps,block,6
sgemm_huge,3072.0,occupancy,Theoretical Active Warps per SM,warp,16
sgemm_huge,3072.0,occupancy,Theoretical Occupancy,%,33.33
sgemm_huge,3072.0,occupancy,Achieved Occupancy,%,33.15
sgemm_huge,3072.0,occupancy,Achieved Active Warps Per SM,warp,15.91
sgemm_huge,3072.0,gpu_and_memory_workload,Average L1 Active Cycles,cycle,39911260
sgemm_huge,3072.0,gpu_and_memory_workload,Total L1 Elapsed Cycles,cycle,319073224
sgemm_huge,3072.0,gpu_and_memory_workload,Average L2 Active Cycles,cycle,38931112.25
sgemm_huge,3072.0,gpu_and_memory_workload,Total L2 Elapsed Cycles,cycle,159674180
sgemm_huge,3072.0,gpu_and_memory_workload,Average SM Active Cycles,cycle,39911260
sgemm_huge,3072.0,gpu_and_memory_workload,Total SM Elapsed Cycles,cycle,319073224
sgemm_huge,3072.0,gpu_and_memory_workload,Average SMSP Active Cycles,cycle,39886541.97
sgemm_huge,3072.0,gpu_and_memory_workload,Total SMSP Elapsed Cycles,cycle,1276292896
sgemm_huge,4096.0,speed_of_light,SM Frequency,Mhz,306.00
sgemm_huge,4096.0,speed_of_light,Elapsed Cycles,cycle,94214801
sgemm_huge,4096.0,speed_of_light,Memory Throughput,%,64.18
sgemm_huge,4096.0,speed_of_light,Duration,s,0.30789
sgemm_huge,4096.0,speed_of_light,L1/TEX Cache Throughput,%,64.12
sgemm_huge,4096.0,speed_of_light,L2 Cache Throughput,%,26.38
sgemm_huge,4096.0,speed_of_light,SM Active Cycles,cycle,94181600.12
sgemm_huge,4096.0,speed_of_light,Compute (SM) Throughput,%,78.94
sgemm_huge,4096.0,launch_statistics,Block Size,,256
sgemm_huge,4096.0,launch_statistics,Function Cache Configuration,,CachePreferNone
sgemm_huge,4096.0,launch_statistics,Grid Size,,1024
sgemm_huge,4096.0,launch_statistics,Registers Per Thread,register/thread,126
sgemm_huge,4096.0,launch_statistics,Shared Memory Configuration Size,Kbyte,102.40
sgemm_huge,4096.0,launch_statistics,Driver Shared Memory Per Block,Kbyte/block,1.02
sgemm_huge,4096.0,launch_statistics,Dynamic Shared Memory Per Block,byte/block,0
sgemm_huge,4096.0,launch_statistics,Static Shared Memory Per Block,Kbyte/block,16.38
sgemm_huge,4096.0,launch_statistics,# SMs,SM,8
sgemm_huge,4096.0,launch_statistics,Threads,thread,262144
sgemm_huge,4096.0,launch_statistics,Uses Green Context,,0
sgemm_huge,4096.0,launch_statistics,Waves Per SM,,64
sgemm_huge,4096.0,occupancy,Block Limit SM,block,16
sgemm_huge,4096.0,occupancy,Block Limit Registers,block,2
sgemm_huge,4096.0,occupancy,Block Limit Shared Mem,block,5
sgemm_huge,4096.0,occupancy,Block Limit Warps,block,6
sgemm_huge,4096.0,occupancy,Theoretical Active Warps per SM,warp,16
sgemm_huge,4096.0,occupancy,Theoretical Occupancy,%,33.33
sgemm_huge,4096.0,occupancy,Achieved Occupancy,%,33.23
sgemm_huge,4096.0,occupancy,Achieved Active Warps Per SM,warp,15.95
sgemm_huge,4096.0,gpu_and_memory_workload,Average L1 Active Cycles,cycle,94181600.12
sgemm_huge,4096.0,gpu_and_memory_workload,Total L1 Elapsed Cycles,cycle,752797376
sgemm_huge,4096.0,gpu_and_memory_workload,Average L2 Active Cycles,cycle,91662389
sgemm_huge,4096.0,gpu_and_memory_workload,Total L2 Elapsed Cycles,cycle,376859196
sgemm_huge,4096.0,gpu_and_memory_workload,Average SM Active Cycles,cycle,94181600.12
sgemm_huge,4096.0,gpu_and_memory_workload,Total SM Elapsed Cycles,cycle,752797376
sgemm_huge,4096.0,gpu_and_memory_workload,Average SMSP Active Cycles,cycle,94112717.22
sgemm_huge,4096.0,gpu_and_memory_workload,Total SMSP Elapsed Cycles,cycle,3011189504
sgemm_huge,5120.0,speed_of_light,SM Frequency,Mhz,406.62
sgemm_huge,5120.0,speed_of_light,Elapsed Cycles,cycle,183742951
sgemm_huge,5120.0,speed_of_light,Memory Throughput,%,64.16
sgemm_huge,5120.0,speed_of_light,Duration,s,0.45188
sgemm_huge,5120.0,speed_of_light,L1/TEX Cache Throughput,%,64.17
sgemm_huge,5120.0,speed_of_light,L2 Cache Throughput,%,26.09
sgemm_huge,5120.0,speed_of_light,SM Active Cycles,cycle,183607800.38
sgemm_huge,5120.0,speed_of_light,Compute (SM) Throughput,%,78.99
sgemm_huge,5120.0,launch_statistics,Block Size,,256
sgemm_huge,5120.0,launch_statistics,Function Cache Configuration,,CachePreferNone
sgemm_huge,5120.0,launch_statistics,Grid Size,,1600
sgemm_huge,5120.0,launch_statistics,Registers Per Thread,register/thread,126
sgemm_huge,5120.0,launch_statistics,Shared Memory Configuration Size,Kbyte,102.40
sgemm_huge,5120.0,launch_statistics,Driver Shared Memory Per Block,Kbyte/block,1.02
sgemm_huge,5120.0,launch_statistics,Dynamic Shared Memory Per Block,byte/block,0
sgemm_huge,5120.0,launch_statistics,Static Shared Memory Per Block,Kbyte/block,16.38
sgemm_huge,5120.0,launch_statistics,# SMs,SM,8
sgemm_huge,5120.0,launch_statistics,Threads,thread,409600
sgemm_huge,5120.0,launch_statistics,Uses Green Context,,0
sgemm_huge,5120.0,launch_statistics,Waves Per SM,,100
sgemm_huge,5120.0,occupancy,Block Limit SM,block,16
sgemm_huge,5120.0,occupancy,Block Limit Registers,block,2
sgemm_huge,5120.0,occupancy,Block Limit Shared Mem,block,5
sgemm_huge,5120.0,occupancy,Block Limit Warps,block,6
sgemm_huge,5120.0,occupancy,Theoretical Active Warps per SM,warp,16
sgemm_huge,5120.0,occupancy,Theoretical Occupancy,%,33.33
sgemm_huge,5120.0,occupancy,Achieved Occupancy,%,33.26
sgemm_huge,5120.0,occupancy,Achieved Active Warps Per SM,warp,15.97
sgemm_huge,5120.0,gpu_and_memory_workload,Average L1 Active Cycles,cycle,183607800.38
sgemm_huge,5120.0,gpu_and_memory_workload,Total L1 Elapsed Cycles,cycle,1469046424
sgemm_huge,5120.0,gpu_and_memory_workload,Average L2 Active Cycles,cycle,181023892
sgemm_huge,5120.0,gpu_and_memory_workload,Total L2 Elapsed Cycles,cycle,734971820
sgemm_huge,5120.0,gpu_and_memory_workload,Average SM Active Cycles,cycle,183607800.38
sgemm_huge,5120.0,gpu_and_memory_workload,Total SM Elapsed Cycles,cycle,1469046424
sgemm_huge,5120.0,gpu_and_memory_workload,Average SMSP Active Cycles,cycle,183593907.34
sgemm_huge,5120.0,gpu_and_memory_workload,Total SMSP Elapsed Cycles,cycle,5876185696
sgemm_huge,6144.0,speed_of_light,SM Frequency,Mhz,408.00
sgemm_huge,6144.0,speed_of_light,Elapsed Cycles,cycle,316898537
sgemm_huge,6144.0,speed_of_light,Memory Throughput,%,64.19
sgemm_huge,6144.0,speed_of_light,Duration,s,0.77671
sgemm_huge,6144.0,speed_of_light,L1/TEX Cache Throughput,%,64.20
sgemm_huge,6144.0,speed_of_light,L2 Cache Throughput,%,25.85
sgemm_huge,6144.0,speed_of_light,SM Active Cycles,cycle,316887437.88
sgemm_huge,6144.0,speed_of_light,Compute (SM) Throughput,%,79.08
sgemm_huge,6144.0,launch_statistics,Block Size,,256
sgemm_huge,6144.0,launch_statistics,Function Cache Configuration,,CachePreferNone
sgemm_huge,6144.0,launch_statistics,Grid Size,,2304
sgemm_huge,6144.0,launch_statistics,Registers Per Thread,register/thread,126
sgemm_huge,6144.0,launch_statistics,Shared Memory Configuration Size,Kbyte,102.40
sgemm_huge,6144.0,launch_statistics,Driver Shared Memory Per Block,Kbyte/block,1.02
sgemm_huge,6144.0,launch_statistics,Dynamic Shared Memory Per Block,byte/block,0
sgemm_huge,6144.0,launch_statistics,Static Shared Memory Per Block,Kbyte/block,16.38
sgemm_huge,6144.0,launch_statistics,# SMs,SM,8
sgemm_huge,6144.0,launch_statistics,Threads,thread,589824
sgemm_huge,6144.0,launch_statistics,Uses Green Context,,0
sgemm_huge,6144.0,launch_statistics,Waves Per SM,,144
sgemm_huge,6144.0,occupancy,Block Limit SM,block,16
sgemm_huge,6144.0,occupancy,Block Limit Registers,block,2
sgemm_huge,6144.0,occupancy,Block Limit Shared Mem,block,5
sgemm_huge,6144.0,occupancy,Block Limit Warps,block,6
sgemm_huge,6144.0,occupancy,Theoretical Active Warps per SM,warp,16
sgemm_huge,6144.0,occupancy,Theoretical Occupancy,%,33.33
sgemm_huge,6144.0,occupancy,Achieved Occupancy,%,33.28
sgemm_huge,6144.0,occupancy,Achieved Active Warps Per SM,warp,15.97
sgemm_huge,6144.0,gpu_and_memory_workload,Average L1 Active Cycles,cycle,316887437.88
sgemm_huge,6144.0,gpu_and_memory_workload,Total L1 Elapsed Cycles,cycle,2535268016
sgemm_huge,6144.0,gpu_and_memory_workload,Average L2 Active Cycles,cycle,311975095.50
sgemm_huge,6144.0,gpu_and_memory_workload,Total L2 Elapsed Cycles,cycle,1267594152
sgemm_huge,6144.0,gpu_and_memory_workload,Average SM Active Cycles,cycle,316887437.88
sgemm_huge,6144.0,gpu_and_memory_workload,Total SM Elapsed Cycles,cycle,2535268016
sgemm_huge,6144.0,gpu_and_memory_workload,Average SMSP Active Cycles,cycle,316869138.16
sgemm_huge,6144.0,gpu_and_memory_workload,Total SMSP Elapsed Cycles,cycle,10141072064
sgemm_huge,7168.0,speed_of_light,SM Frequency,Mhz,408.00
sgemm_huge,7168.0,speed_of_light,Elapsed Cycles,cycle,502691971
sgemm_huge,7168.0,speed_of_light,Memory Throughput,%,64.23
sgemm_huge,7168.0,speed_of_light,Duration,s,1.23
sgemm_huge,7168.0,speed_of_light,L1/TEX Cache Throughput,%,64.23
sgemm_huge,7168.0,speed_of_light,L2 Cache Throughput,%,25.68
sgemm_huge,7168.0,speed_of_light,SM Active Cycles,cycle,502700709.88
sgemm_huge,7168.0,speed_of_light,Compute (SM) Throughput,%,79.15
sgemm_huge,7168.0,launch_statistics,Block Size,,256
sgemm_huge,7168.0,launch_statistics,Function Cache Configuration,,CachePreferNone
sgemm_huge,7168.0,launch_statistics,Grid Size,,3136
sgemm_huge,7168.0,launch_statistics,Registers Per Thread,register/thread,126
sgemm_huge,7168.0,launch_statistics,Shared Memory Configuration Size,Kbyte,102.40
sgemm_huge,7168.0,launch_statistics,Driver Shared Memory Per Block,Kbyte/block,1.02
sgemm_huge,7168.0,launch_statistics,Dynamic Shared Memory Per Block,byte/block,0
sgemm_huge,7168.0,launch_statistics,Static Shared Memory Per Block,Kbyte/block,16.38
sgemm_huge,7168.0,launch_statistics,# SMs,SM,8
sgemm_huge,7168.0,launch_statistics,Threads,thread,802816
sgemm_huge,7168.0,launch_statistics,Uses Green Context,,0
sgemm_huge,7168.0,launch_statistics,Waves Per SM,,196
sgemm_huge,7168.0,occupancy,Block Limit SM,block,16
sgemm_huge,7168.0,occupancy,Block Limit Registers,block,2
sgemm_huge,7168.0,occupancy,Block Limit Shared Mem,block,5
sgemm_huge,7168.0,occupancy,Block Limit Warps,block,6
sgemm_huge,7168.0,occupancy,Theoretical Active Warps per SM,warp,16
sgemm_huge,7168.0,occupancy,Theoretical Occupancy,%,33.33
sgemm_huge,7168.0,occupancy,Achieved Occupancy,%,33.29
sgemm_huge,7168.0,occupancy,Achieved Active Warps Per SM,warp,15.98
sgemm_huge,7168.0,gpu_and_memory_workload,Average L1 Active Cycles,cycle,502700709.88
sgemm_huge,7168.0,gpu_and_memory_workload,Total L1 Elapsed Cycles,cycle,4021579488
sgemm_huge,7168.0,gpu_and_memory_workload,Average L2 Active Cycles,cycle,493596692.25
sgemm_huge,7168.0,gpu_and_memory_workload,Total L2 Elapsed Cycles,cycle,2010767872
sgemm_huge,7168.0,gpu_and_memory_workload,Average SM Active Cycles,cycle,502700709.88
sgemm_huge,7168.0,gpu_and_memory_workload,Total SM Elapsed Cycles,cycle,4021579488
sgemm_huge,7168.0,gpu_and_memory_workload,Average SMSP Active Cycles,cycle,502691042.28
sgemm_huge,7168.0,gpu_and_memory_workload,Total SMSP Elapsed Cycles,cycle,16086317952
sgemm_huge,8192.0,speed_of_light,SM Frequency,Mhz,408.00
sgemm_huge,8192.0,speed_of_light,Elapsed Cycles,cycle,749946879
sgemm_huge,8192.0,speed_of_light,Memory Throughput,%,64.24
sgemm_huge,8192.0,speed_of_light,Duration,s,1.84
sgemm_huge,8192.0,speed_of_light,L1/TEX Cache Throughput,%,64.24
sgemm_huge,8192.0,speed_of_light,L2 Cache Throughput,%,25.57
sgemm_huge,8192.0,speed_of_light,SM Active Cycles,cycle,749951251.62
sgemm_huge,8192.0,speed_of_light,Compute (SM) Throughput,%,79.19
sgemm_huge,8192.0,launch_statistics,Block Size,,256
sgemm_huge,8192.0,launch_statistics,Function Cache Configuration,,CachePreferNone
sgemm_huge,8192.0,launch_statistics,Grid Size,,4096
sgemm_huge,8192.0,launch_statistics,Registers Per Thread,register/thread,126
sgemm_huge,8192.0,launch_statistics,Shared Memory Configuration Size,Kbyte,102.40
sgemm_huge,8192.0,launch_statistics,Driver Shared Memory Per Block,Kbyte/block,1.02
sgemm_huge,8192.0,launch_statistics,Dynamic Shared Memory Per Block,byte/block,0
sgemm_huge,8192.0,launch_statistics,Static Shared Memory Per Block,Kbyte/block,16.38
sgemm_huge,8192.0,launch_statistics,# SMs,SM,8
sgemm_huge,8192.0,launch_statistics,Threads,thread,1048576
sgemm_huge,8192.0,launch_statistics,Uses Green Context,,0
sgemm_huge,8192.0,launch_statistics,Waves Per SM,,256
sgemm_huge,8192.0,occupancy,Block Limit SM,block,16
sgemm_huge,8192.0,occupancy,Block Limit Registers,block,2
sgemm_huge,8192.0,occupancy,Block Limit Shared Mem,block,5
sgemm_huge,8192.0,occupancy,Block Limit Warps,block,6
sgemm_huge,8192.0,occupancy,Theoretical Active Warps per SM,warp,16
sgemm_huge,8192.0,occupancy,Theoretical Occupancy,%,33.33
sgemm_huge,8192.0,occupancy,Achieved Occupancy,%,33.30
sgemm_huge,8192.0,occupancy,Achieved Active Warps Per SM,warp,15.98
sgemm_huge,8192.0,gpu_and_memory_workload,Average L1 Active Cycles,cycle,749951251.62
sgemm_huge,8192.0,gpu_and_memory_workload,Total L1 Elapsed Cycles,cycle,5999589816
sgemm_huge,8192.0,gpu_and_memory_workload,Average L2 Active Cycles,cycle,738296468.50
sgemm_huge,8192.0,gpu_and_memory_workload,Total L2 Elapsed Cycles,cycle,2999787460
sgemm_huge,8192.0,gpu_and_memory_workload,Average SM Active Cycles,cycle,749951251.62
sgemm_huge,8192.0,gpu_and_memory_workload,Total SM Elapsed Cycles,cycle,5999589816
sgemm_huge,8192.0,gpu_and_memory_workload,Average SMSP Active Cycles,cycle,749962653.38
sgemm_huge,8192.0,gpu_and_memory_workload,Total SMSP Elapsed Cycles,cycle,23998359264
ft_sgemm_small,1024.0,speed_of_light,SM Frequency,Mhz,306.00
ft_sgemm_small,1024.0,speed_of_light,Elapsed Cycles,cycle,7208271
ft_sgemm_small,1024.0,speed_of_light,Memory Throughput,%,96.92
ft_sgemm_small,1024.0,speed_of_light,Duration,s,0.023559999999999998
ft_sgemm_small,1024.0,speed_of_light,L1/TEX Cache Throughput,%,96.97
ft_sgemm_small,1024.0,speed_of_light,L2 Cache Throughput,%,56.14
ft_sgemm_small,1024.0,speed_of_light,SM Active Cycles,cycle,7202482.50
ft_sgemm_small,1024.0,speed_of_light,Compute (SM) Throughput,%,53.34
ft_sgemm_small,1024.0,launch_statistics,Block Size,,64
ft_sgemm_small,1024.0,launch_statistics,Function Cache Configuration,,CachePreferNone
ft_sgemm_small,1024.0,launch_statistics,Grid Size,,4096
ft_sgemm_small,1024.0,launch_statistics,Registers Per Thread,register/thread,63
ft_sgemm_small,1024.0,launch_statistics,Shared Memory Configuration Size,Kbyte,102.40
ft_sgemm_small,1024.0,launch_statistics,Driver Shared Memory Per Block,Kbyte/block,1.02
ft_sgemm_small,1024.0,launch_statistics,Dynamic Shared Memory Per Block,byte/block,0
ft_sgemm_small,1024.0,launch_statistics,Static Shared Memory Per Block,Kbyte/block,4.10
ft_sgemm_small,1024.0,launch_statistics,# SMs,SM,8
ft_sgemm_small,1024.0,launch_statistics,Threads,thread,262144
ft_sgemm_small,1024.0,launch_statistics,Uses Green Context,,0
ft_sgemm_small,1024.0,launch_statistics,Waves Per SM,,32
ft_sgemm_small,1024.0,occupancy,Block Limit SM,block,16
ft_sgemm_small,1024.0,occupancy,Block Limit Registers,block,16
ft_sgemm_small,1024.0,occupancy,Block Limit Shared Mem,block,20
ft_sgemm_small,1024.0,occupancy,Block Limit Warps,block,24
ft_sgemm_small,1024.0,occupancy,Theoretical Active Warps per SM,warp,32
ft_sgemm_small,1024.0,occupancy,Theoretical Occupancy,%,66.67
ft_sgemm_small,1024.0,occupancy,Achieved Occupancy,%,65.80
ft_sgemm_small,1024.0,occupancy,Achieved Active Warps Per SM,warp,31.58
ft_sgemm_small,1024.0,gpu_and_memory_workload,Average L1 Active Cycles,cycle,7202482.50
ft_sgemm_small,1024.0,gpu_and_memory_workload,Total L1 Elapsed Cycles,cycle,57652576
ft_sgemm_small,1024.0,gpu_and_memory_workload,Average L2 Active Cycles,cycle,7200967.75
ft_sgemm_small,1024.0,gpu_and_memory_workload,Total L2 Elapsed Cycles,cycle,28833100
ft_sgemm_small,1024.0,gpu_and_memory_workload,Average SM Active Cycles,cycle,7202482.50
ft_sgemm_small,1024.0,gpu_and_memory_workload,Total SM Elapsed Cycles,cycle,57652576
ft_sgemm_small,1024.0,gpu_and_memory_workload,Average SMSP Active Cycles,cycle,7202047.47
ft_sgemm_small,1024.0,gpu_and_memory_workload,Total SMSP Elapsed Cycles,cycle,230610304
ft_sgemm_small,2048.0,speed_of_light,SM Frequency,Mhz,306.00
ft_sgemm_small,2048.0,speed_of_light,Elapsed Cycles,cycle,57369945
ft_sgemm_small,2048.0,speed_of_light,Memory Throughput,%,97.11
ft_sgemm_small,2048.0,speed_of_light,Duration,s,0.18747999999999998
ft_sgemm_small,2048.0,speed_of_light,L1/TEX Cache Throughput,%,97.11
ft_sgemm_small,2048.0,speed_of_light,L2 Cache Throughput,%,57.52
ft_sgemm_small,2048.0,speed_of_light,SM Active Cycles,cycle,57360672
ft_sgemm_small,2048.0,speed_of_light,Compute (SM) Throughput,%,53.44
ft_sgemm_small,2048.0,launch_statistics,Block Size,,64
ft_sgemm_small,2048.0,launch_statistics,Function Cache Configuration,,CachePreferNone
ft_sgemm_small,2048.0,launch_statistics,Grid Size,,16384
ft_sgemm_small,2048.0,launch_statistics,Registers Per Thread,register/thread,63
ft_sgemm_small,2048.0,launch_statistics,Shared Memory Configuration Size,Kbyte,102.40
ft_sgemm_small,2048.0,launch_statistics,Driver Shared Memory Per Block,Kbyte/block,1.02
ft_sgemm_small,2048.0,launch_statistics,Dynamic Shared Memory Per Block,byte/block,0
ft_sgemm_small,2048.0,launch_statistics,Static Shared Memory Per Block,Kbyte/block,4.10
ft_sgemm_small,2048.0,launch_statistics,# SMs,SM,8
ft_sgemm_small,2048.0,launch_statistics,Threads,thread,1048576
ft_sgemm_small,2048.0,launch_statistics,Uses Green Context,,0
ft_sgemm_small,2048.0,launch_statistics,Waves Per SM,,128
ft_sgemm_small,2048.0,occupancy,Block Limit SM,block,16
ft_sgemm_small,2048.0,occupancy,Block Limit Registers,block,16
ft_sgemm_small,2048.0,occupancy,Block Limit Shared Mem,block,20
ft_sgemm_small,2048.0,occupancy,Block Limit Warps,block,24
ft_sgemm_small,2048.0,occupancy,Theoretical Active Warps per SM,warp,32
ft_sgemm_small,2048.0,occupancy,Theoretical Occupancy,%,66.67
ft_sgemm_small,2048.0,occupancy,Achieved Occupancy,%,66.17
ft_sgemm_small,2048.0,occupancy,Achieved Active Warps Per SM,warp,31.76
ft_sgemm_small,2048.0,gpu_and_memory_workload,Average L1 Active Cycles,cycle,57360672
ft_sgemm_small,2048.0,gpu_and_memory_workload,Total L1 Elapsed Cycles,cycle,458891336
ft_sgemm_small,2048.0,gpu_and_memory_workload,Average L2 Active Cycles,cycle,57464069.75
ft_sgemm_small,2048.0,gpu_and_memory_workload,Total L2 Elapsed Cycles,cycle,229479788
ft_sgemm_small,2048.0,gpu_and_memory_workload,Average SM Active Cycles,cycle,57360672
ft_sgemm_small,2048.0,gpu_and_memory_workload,Total SM Elapsed Cycles,cycle,458891336
ft_sgemm_small,2048.0,gpu_and_memory_workload,Average SMSP Active Cycles,cycle,57354846.44
ft_sgemm_small,2048.0,gpu_and_memory_workload,Total SMSP Elapsed Cycles,cycle,1835565344
ft_sgemm_small,3072.0,speed_of_light,SM Frequency,Mhz,406.67
ft_sgemm_small,3072.0,speed_of_light,Elapsed Cycles,cycle,191743481
ft_sgemm_small,3072.0,speed_of_light,Memory Throughput,%,97.26
ft_sgemm_small,3072.0,speed_of_light,Duration,s,0.47149
ft_sgemm_small,3072.0,speed_of_light,L1/TEX Cache Throughput,%,97.27
ft_sgemm_small,3072.0,speed_of_light,L2 Cache Throughput,%,58.04
ft_sgemm_small,3072.0,speed_of_light,SM Active Cycles,cycle,191588039.50
ft_sgemm_small,3072.0,speed_of_light,Compute (SM) Throughput,%,53.76
ft_sgemm_small,3072.0,launch_statistics,Block Size,,64
ft_sgemm_small,3072.0,launch_statistics,Function Cache Configuration,,CachePreferNone
ft_sgemm_small,3072.0,launch_statistics,Grid Size,,36864
ft_sgemm_small,3072.0,launch_statistics,Registers Per Thread,register/thread,63
ft_sgemm_small,3072.0,launch_statistics,Shared Memory Configuration Size,Kbyte,102.40
ft_sgemm_small,3072.0,launch_statistics,Driver Shared Memory Per Block,Kbyte/block,1.02
ft_sgemm_small,3072.0,launch_statistics,Dynamic Shared Memory Per Block,byte/block,0
ft_sgemm_small,3072.0,launch_statistics,Static Shared Memory Per Block,Kbyte/block,4.10
ft_sgemm_small,3072.0,launch_statistics,# SMs,SM,8
ft_sgemm_small,3072.0,launch_statistics,Threads,thread,2359296
ft_sgemm_small,3072.0,launch_statistics,Uses Green Context,,0
ft_sgemm_small,3072.0,launch_statistics,Waves Per SM,,288
ft_sgemm_small,3072.0,occupancy,Block Limit SM,block,16
ft_sgemm_small,3072.0,occupancy,Block Limit Registers,block,16
ft_sgemm_small,3072.0,occupancy,Block Limit Shared Mem,block,20
ft_sgemm_small,3072.0,occupancy,Block Limit Warps,block,24
ft_sgemm_small,3072.0,occupancy,Theoretical Active Warps per SM,warp,32
ft_sgemm_small,3072.0,occupancy,Theoretical Occupancy,%,66.67
ft_sgemm_small,3072.0,occupancy,Achieved Occupancy,%,66.56
ft_sgemm_small,3072.0,occupancy,Achieved Active Warps Per SM,warp,31.95
ft_sgemm_small,3072.0,gpu_and_memory_workload,Average L1 Active Cycles,cycle,191588039.50
ft_sgemm_small,3072.0,gpu_and_memory_workload,Total L1 Elapsed Cycles,cycle,1532875872
ft_sgemm_small,3072.0,gpu_and_memory_workload,Average L2 Active Cycles,cycle,191589635.25
ft_sgemm_small,3072.0,gpu_and_memory_workload,Total L2 Elapsed Cycles,cycle,766973852
ft_sgemm_small,3072.0,gpu_and_memory_workload,Average SM Active Cycles,cycle,191588039.50
ft_sgemm_small,3072.0,gpu_and_memory_workload,Total SM Elapsed Cycles,cycle,1532875872
ft_sgemm_small,3072.0,gpu_and_memory_workload,Average SMSP Active Cycles,cycle,191581269.34
ft_sgemm_small,3072.0,gpu_and_memory_workload,Total SMSP Elapsed Cycles,cycle,6131503488
ft_sgemm_small,4096.0,speed_of_light,SM Frequency,Mhz,408.00
ft_sgemm_small,4096.0,speed_of_light,Elapsed Cycles,cycle,456558988
ft_sgemm_small,4096.0,speed_of_light,Memory Throughput,%,97.18
ft_sgemm_small,4096.0,speed_of_light,Duration,s,1.12
ft_sgemm_small,4096.0,speed_of_light,L1/TEX Cache Throughput,%,97.19
ft_sgemm_small,4096.0,speed_of_light,L2 Cache Throughput,%,59.87
ft_sgemm_small,4096.0,speed_of_light,SM Active Cycles,cycle,456512558.25
ft_sgemm_small,4096.0,speed_of_light,Compute (SM) Throughput,%,53.56
ft_sgemm_small,4096.0,launch_statistics,Block Size,,64
ft_sgemm_small,4096.0,launch_statistics,Function Cache Configuration,,CachePreferNone
ft_sgemm_small,4096.0,launch_statistics,Grid Size,,65536
ft_sgemm_small,4096.0,launch_statistics,Registers Per Thread,register/thread,63
ft_sgemm_small,4096.0,launch_statistics,Shared Memory Configuration Size,Kbyte,102.40
ft_sgemm_small,4096.0,launch_statistics,Driver Shared Memory Per Block,Kbyte/block,1.02
ft_sgemm_small,4096.0,launch_statistics,Dynamic Shared Memory Per Block,byte/block,0
ft_sgemm_small,4096.0,launch_statistics,Static Shared Memory Per Block,Kbyte/block,4.10
ft_sgemm_small,4096.0,launch_statistics,# SMs,SM,8
ft_sgemm_small,4096.0,launch_statistics,Threads,thread,4194304
ft_sgemm_small,4096.0,launch_statistics,Uses Green Context,,0
ft_sgemm_small,4096.0,launch_statistics,Waves Per SM,,512
ft_sgemm_small,4096.0,occupancy,Block Limit SM,block,16
ft_sgemm_small,4096.0,occupancy,Block Limit Registers,block,16
ft_sgemm_small,4096.0,occupancy,Block Limit Shared Mem,block,20
ft_sgemm_small,4096.0,occupancy,Block Limit Warps,block,24
ft_sgemm_small,4096.0,occupancy,Theoretical Active Warps per SM,warp,32
ft_sgemm_small,4096.0,occupancy,Theoretical Occupancy,%,66.67
ft_sgemm_small,4096.0,occupancy,Achieved Occupancy,%,66.38
ft_sgemm_small,4096.0,occupancy,Achieved Active Warps Per SM,warp,31.86
ft_sgemm_small,4096.0,gpu_and_memory_workload,Average L1 Active Cycles,cycle,456512558.25
ft_sgemm_small,4096.0,gpu_and_memory_workload,Total L1 Elapsed Cycles,cycle,3652429536
ft_sgemm_small,4096.0,gpu_and_memory_workload,Average L2 Active Cycles,cycle,456533115.75
ft_sgemm_small,4096.0,gpu_and_memory_workload,Total L2 Elapsed Cycles,cycle,1826235944
ft_sgemm_small,4096.0,gpu_and_memory_workload,Average SM Active Cycles,cycle,456512558.25
ft_sgemm_small,4096.0,gpu_and_memory_workload,Total SM Elapsed Cycles,cycle,3652429536
ft_sgemm_small,4096.0,gpu_and_memory_workload,Average SMSP Active Cycles,cycle,456498959.91
ft_sgemm_small,4096.0,gpu_and_memory_workload,Total SMSP Elapsed Cycles,cycle,14609718144
ft_sgemm_small,5120.0,speed_of_light,SM Frequency,Mhz,408.00
ft_sgemm_small,5120.0,speed_of_light,Elapsed Cycles,cycle,883974536
ft_sgemm_small,5120.0,speed_of_light,Memory Throughput,%,97.13
ft_sgemm_small,5120.0,speed_of_light,Duration,s,2.17
ft_sgemm_small,5120.0,speed_of_light,L1/TEX Cache Throughput,%,96.98
ft_sgemm_small,5120.0,speed_of_light,L2 Cache Throughput,%,61.04
ft_sgemm_small,5120.0,speed_of_light,SM Active Cycles,cycle,886424390.62
ft_sgemm_small,5120.0,speed_of_light,Compute (SM) Throughput,%,53.78
ft_sgemm_small,5120.0,launch_statistics,Block Size,,64
ft_sgemm_small,5120.0,launch_statistics,Function Cache Configuration,,CachePreferNone
ft_sgemm_small,5120.0,launch_statistics,Grid Size,,102400
ft_sgemm_small,5120.0,launch_statistics,Registers Per Thread,register/thread,63
ft_sgemm_small,5120.0,launch_statistics,Shared Memory Configuration Size,Kbyte,102.40
ft_sgemm_small,5120.0,launch_statistics,Driver Shared Memory Per Block,Kbyte/block,1.02
ft_sgemm_small,5120.0,launch_statistics,Dynamic Shared Memory Per Block,byte/block,0
ft_sgemm_small,5120.0,launch_statistics,Static Shared Memory Per Block,Kbyte/block,4.10
ft_sgemm_small,5120.0,launch_statistics,# SMs,SM,8
ft_sgemm_small,5120.0,launch_statistics,Threads,thread,6553600
ft_sgemm_small,5120.0,launch_statistics,Uses Green Context,,0
ft_sgemm_small,5120.0,launch_statistics,Waves Per SM,,800
ft_sgemm_small,5120.0,occupancy,Block Limit SM,block,16
ft_sgemm_small,5120.0,occupancy,Block Limit Registers,block,16
ft_sgemm_small,5120.0,occupancy,Block Limit Shared Mem,block,20
ft_sgemm_small,5120.0,occupancy,Block Limit Warps,block,24
ft_sgemm_small,5120.0,occupancy,Theoretical Active Warps per SM,warp,32
ft_sgemm_small,5120.0,occupancy,Theoretical Occupancy,%,66.67
ft_sgemm_small,5120.0,occupancy,Achieved Occupancy,%,66.41
ft_sgemm_small,5120.0,occupancy,Achieved Active Warps Per SM,warp,31.88
ft_sgemm_small,5120.0,gpu_and_memory_workload,Average L1 Active Cycles,cycle,886424390.62
ft_sgemm_small,5120.0,gpu_and_memory_workload,Total L1 Elapsed Cycles,cycle,7080780368
ft_sgemm_small,5120.0,gpu_and_memory_workload,Average L2 Active Cycles,cycle,883062072.50
ft_sgemm_small,5120.0,gpu_and_memory_workload,Total L2 Elapsed Cycles,cycle,3535898112
ft_sgemm_small,5120.0,gpu_and_memory_workload,Average SM Active Cycles,cycle,886424390.62
ft_sgemm_small,5120.0,gpu_and_memory_workload,Total SM Elapsed Cycles,cycle,7080780368
ft_sgemm_small,5120.0,gpu_and_memory_workload,Average SMSP Active Cycles,cycle,884959760.31
ft_sgemm_small,5120.0,gpu_and_memory_workload,Total SMSP Elapsed Cycles,cycle,28323121472
ft_sgemm_small,6144.0,speed_of_light,SM Frequency,Mhz,407.10
ft_sgemm_small,6144.0,speed_of_light,Elapsed Cycles,cycle,2045040150
ft_sgemm_small,6144.0,speed_of_light,Memory Throughput,%,71.13
ft_sgemm_small,6144.0,speed_of_light,Duration,s,5.02
ft_sgemm_small,6144.0,speed_of_light,L1/TEX Cache Throughput,%,67.63
ft_sgemm_small,6144.0,speed_of_light,L2 Cache Throughput,%,46.98
ft_sgemm_small,6144.0,speed_of_light,SM Active Cycles,cycle,2196742919
ft_sgemm_small,6144.0,speed_of_light,Compute (SM) Throughput,%,39.39
ft_sgemm_small,6144.0,launch_statistics,Block Size,,64
ft_sgemm_small,6144.0,launch_statistics,Function Cache Configuration,,CachePreferNone
ft_sgemm_small,6144.0,launch_statistics,Grid Size,,147456
ft_sgemm_small,6144.0,launch_statistics,Registers Per Thread,register/thread,63
ft_sgemm_small,6144.0,launch_statistics,Shared Memory Configuration Size,Kbyte,102.40
ft_sgemm_small,6144.0,launch_statistics,Driver Shared Memory Per Block,Kbyte/block,1.02
ft_sgemm_small,6144.0,launch_statistics,Dynamic Shared Memory Per Block,byte/block,0
ft_sgemm_small,6144.0,launch_statistics,Static Shared Memory Per Block,Kbyte/block,4.10
ft_sgemm_small,6144.0,launch_statistics,# SMs,SM,8
ft_sgemm_small,6144.0,launch_statistics,Threads,thread,9437184
ft_sgemm_small,6144.0,launch_statistics,Uses Green Context,,0
ft_sgemm_small,6144.0,launch_statistics,Waves Per SM,,1152
ft_sgemm_small,6144.0,occupancy,Block Limit SM,block,16
ft_sgemm_small,6144.0,occupancy,Block Limit Registers,block,16
ft_sgemm_small,6144.0,occupancy,Block Limit Shared Mem,block,20
ft_sgemm_small,6144.0,occupancy,Block Limit Warps,block,24
ft_sgemm_small,6144.0,occupancy,Theoretical Active Warps per SM,warp,32
ft_sgemm_small,6144.0,occupancy,Theoretical Occupancy,%,66.67
ft_sgemm_small,6144.0,occupancy,Achieved Occupancy,%,66.47
ft_sgemm_small,6144.0,occupancy,Achieved Active Warps Per SM,warp,31.91
ft_sgemm_small,6144.0,gpu_and_memory_workload,Average L1 Active Cycles,cycle,2196742919
ft_sgemm_small,6144.0,gpu_and_memory_workload,Total L1 Elapsed Cycles,cycle,16708397096
ft_sgemm_small,6144.0,gpu_and_memory_workload,Average L2 Active Cycles,cycle,2186154506
ft_sgemm_small,6144.0,gpu_and_memory_workload,Total L2 Elapsed Cycles,cycle,8180160468
ft_sgemm_small,6144.0,gpu_and_memory_workload,Average SM Active Cycles,cycle,2196742919
ft_sgemm_small,6144.0,gpu_and_memory_workload,Total SM Elapsed Cycles,cycle,16708397096
ft_sgemm_small,6144.0,gpu_and_memory_workload,Average SMSP Active Cycles,cycle,2172108561.06
ft_sgemm_small,6144.0,gpu_and_memory_workload,Total SMSP Elapsed Cycles,cycle,66833588384
ft_sgemm_small,7168.0,speed_of_light,SM Frequency,Mhz,408.00
ft_sgemm_small,7168.0,speed_of_light,Elapsed Cycles,cycle,6652926083
ft_sgemm_small,7168.0,speed_of_light,Memory Throughput,%,39.13
ft_sgemm_small,7168.0,speed_of_light,Duration,s,16.31
ft_sgemm_small,7168.0,speed_of_light,L1/TEX Cache Throughput,%,43.17
ft_sgemm_small,7168.0,speed_of_light,L2 Cache Throughput,%,23.13
ft_sgemm_small,7168.0,speed_of_light,SM Active Cycles,cycle,5468891431.38
ft_sgemm_small,7168.0,speed_of_light,Compute (SM) Throughput,%,21.66
ft_sgemm_small,7168.0,launch_statistics,Block Size,,64
ft_sgemm_small,7168.0,launch_statistics,Function Cache Configuration,,CachePreferNone
ft_sgemm_small,7168.0,launch_statistics,Grid Size,,200704
ft_sgemm_small,7168.0,launch_statistics,Registers Per Thread,register/thread,63
ft_sgemm_small,7168.0,launch_statistics,Shared Memory Configuration Size,Kbyte,102.40
ft_sgemm_small,7168.0,launch_statistics,Driver Shared Memory Per Block,Kbyte/block,1.02
ft_sgemm_small,7168.0,launch_statistics,Dynamic Shared Memory Per Block,byte/block,0
ft_sgemm_small,7168.0,launch_statistics,Static Shared Memory Per Block,Kbyte/block,4.10
ft_sgemm_small,7168.0,launch_statistics,# SMs,SM,8
ft_sgemm_small,7168.0,launch_statistics,Threads,thread,12845056
ft_sgemm_small,7168.0,launch_statistics,Uses Green Context,,0
ft_sgemm_small,7168.0,launch_statistics,Waves Per SM,,1568
ft_sgemm_small,7168.0,occupancy,Block Limit SM,block,16
ft_sgemm_small,7168.0,occupancy,Block Limit Registers,block,16
ft_sgemm_small,7168.0,occupancy,Block Limit Shared Mem,block,20
ft_sgemm_small,7168.0,occupancy,Block Limit Warps,block,24
ft_sgemm_small,7168.0,occupancy,Theoretical Active Warps per SM,warp,32
ft_sgemm_small,7168.0,occupancy,Theoretical Occupancy,%,66.67
ft_sgemm_small,7168.0,occupancy,Achieved Occupancy,%,65.78
ft_sgemm_small,7168.0,occupancy,Achieved Active Warps Per SM,warp,31.57
ft_sgemm_small,7168.0,gpu_and_memory_workload,Average L1 Active Cycles,cycle,5468891431.38
ft_sgemm_small,7168.0,gpu_and_memory_workload,Total L1 Elapsed Cycles,cycle,48268996592
ft_sgemm_small,7168.0,gpu_and_memory_workload,Average L2 Active Cycles,cycle,6796966668.75
ft_sgemm_small,7168.0,gpu_and_memory_workload,Total L2 Elapsed Cycles,cycle,26611704332
ft_sgemm_small,7168.0,gpu_and_memory_workload,Average SM Active Cycles,cycle,5468891431.38
ft_sgemm_small,7168.0,gpu_and_memory_workload,Total SM Elapsed Cycles,cycle,48268996592
ft_sgemm_small,7168.0,gpu_and_memory_workload,Average SMSP Active Cycles,cycle,6010553390.56
ft_sgemm_small,7168.0,gpu_and_memory_workload,Total SMSP Elapsed Cycles,cycle,193075986368
ft_sgemm_small,8192.0,speed_of_light,SM Frequency,Mhz,407.99
ft_sgemm_small,8192.0,speed_of_light,Elapsed Cycles,cycle,24208373234
ft_sgemm_small,8192.0,speed_of_light,Memory Throughput,%,14.78
ft_sgemm_small,8192.0,speed_of_light,Duration,s,59.34
ft_sgemm_small,8192.0,speed_of_light,L1/TEX Cache Throughput,%,15.42
ft_sgemm_small,8192.0,speed_of_light,L2 Cache Throughput,%,9.88
ft_sgemm_small,8192.0,speed_of_light,SM Active Cycles,cycle,22796422869.38
ft_sgemm_small,8192.0,speed_of_light,Compute (SM) Throughput,%,8.19
ft_sgemm_small,8192.0,launch_statistics,Block Size,,64
ft_sgemm_small,8192.0,launch_statistics,Function Cache Configuration,,CachePreferNone
ft_sgemm_small,8192.0,launch_statistics,Grid Size,,262144
ft_sgemm_small,8192.0,launch_statistics,Registers Per Thread,register/thread,63
ft_sgemm_small,8192.0,launch_statistics,Shared Memory Configuration Size,Kbyte,102.40
ft_sgemm_small,8192.0,launch_statistics,Driver Shared Memory Per Block,Kbyte/block,1.02
ft_sgemm_small,8192.0,launch_statistics,Dynamic Shared Memory Per Block,byte/block,0
ft_sgemm_small,8192.0,launch_statistics,Static Shared Memory Per Block,Kbyte/block,4.10
ft_sgemm_small,8192.0,launch_statistics,# SMs,SM,8
ft_sgemm_small,8192.0,launch_statistics,Threads,thread,16777216
ft_sgemm_small,8192.0,launch_statistics,Uses Green Context,,0
ft_sgemm_small,8192.0,launch_statistics,Waves Per SM,,2048
ft_sgemm_small,8192.0,occupancy,Block Limit SM,block,16
ft_sgemm_small,8192.0,occupancy,Block Limit Registers,block,16
ft_sgemm_small,8192.0,occupancy,Block Limit Shared Mem,block,20
ft_sgemm_small,8192.0,occupancy,Block Limit Warps,block,24
ft_sgemm_small,8192.0,occupancy,Theoretical Active Warps per SM,warp,32
ft_sgemm_small,8192.0,occupancy,Theoretical Occupancy,%,66.67
ft_sgemm_small,8192.0,occupancy,Achieved Occupancy,%,66.54
ft_sgemm_small,8192.0,occupancy,Achieved Active Warps Per SM,warp,31.94
ft_sgemm_small,8192.0,gpu_and_memory_workload,Average L1 Active Cycles,cycle,22796422869.38
ft_sgemm_small,8192.0,gpu_and_memory_workload,Total L1 Elapsed Cycles,cycle,190307584192
ft_sgemm_small,8192.0,gpu_and_memory_workload,Average L2 Active Cycles,cycle,23011154362.50
ft_sgemm_small,8192.0,gpu_and_memory_workload,Total L2 Elapsed Cycles,cycle,96833492892
ft_sgemm_small,8192.0,gpu_and_memory_workload,Average SM Active Cycles,cycle,22796422869.38
ft_sgemm_small,8192.0,gpu_and_memory_workload,Total SM Elapsed Cycles,cycle,190307584192
ft_sgemm_small,8192.0,gpu_and_memory_workload,Average SMSP Active Cycles,cycle,25525903335.94
ft_sgemm_small,8192.0,gpu_and_memory_workload,Total SMSP Elapsed Cycles,cycle,761230336768
ft_sgemm_medium,1024.0,speed_of_light,SM Frequency,Mhz,306.00
ft_sgemm_medium,1024.0,speed_of_light,Elapsed Cycles,cycle,3312968
ft_sgemm_medium,1024.0,speed_of_light,Memory Throughput,%,91.97
ft_sgemm_medium,1024.0,speed_of_light,Duration,s,0.01083
ft_sgemm_medium,1024.0,speed_of_light,L1/TEX Cache Throughput,%,92.20
ft_sgemm_medium,1024.0,speed_of_light,L2 Cache Throughput,%,46.71
ft_sgemm_medium,1024.0,speed_of_light,SM Active Cycles,cycle,3305542.25
ft_sgemm_medium,1024.0,speed_of_light,Compute (SM) Throughput,%,61.95
ft_sgemm_medium,1024.0,launch_statistics,Block Size,,64
ft_sgemm_medium,1024.0,launch_statistics,Function Cache Configuration,,CachePreferNone
ft_sgemm_medium,1024.0,launch_statistics,Grid Size,,1024
ft_sgemm_medium,1024.0,launch_statistics,Registers Per Thread,register/thread,64
ft_sgemm_medium,1024.0,launch_statistics,Shared Memory Configuration Size,Kbyte,102.40
ft_sgemm_medium,1024.0,launch_statistics,Driver Shared Memory Per Block,Kbyte/block,1.02
ft_sgemm_medium,1024.0,launch_statistics,Dynamic Shared Memory Per Block,byte/block,0
ft_sgemm_medium,1024.0,launch_statistics,Static Shared Memory Per Block,Kbyte/block,4.10
ft_sgemm_medium,1024.0,launch_statistics,# SMs,SM,8
ft_sgemm_medium,1024.0,launch_statistics,Threads,thread,65536
ft_sgemm_medium,1024.0,launch_statistics,Uses Green Context,,0
ft_sgemm_medium,1024.0,launch_statistics,Waves Per SM,,8
ft_sgemm_medium,1024.0,occupancy,Block Limit SM,block,16
ft_sgemm_medium,1024.0,occupancy,Block Limit Registers,block,16
ft_sgemm_medium,1024.0,occupancy,Block Limit Shared Mem,block,20
ft_sgemm_medium,1024.0,occupancy,Block Limit Warps,block,24
ft_sgemm_medium,1024.0,occupancy,Theoretical Active Warps per SM,warp,32
ft_sgemm_medium,1024.0,occupancy,Theoretical Occupancy,%,66.67
ft_sgemm_medium,1024.0,occupancy,Achieved Occupancy,%,64.35
ft_sgemm_medium,1024.0,occupancy,Achieved Active Warps Per SM,warp,30.89
ft_sgemm_medium,1024.0,gpu_and_memory_workload,Average L1 Active Cycles,cycle,3305542.25
ft_sgemm_medium,1024.0,gpu_and_memory_workload,Total L1 Elapsed Cycles,cycle,26510840
ft_sgemm_medium,1024.0,gpu_and_memory_workload,Average L2 Active Cycles,cycle,3302606.50
ft_sgemm_medium,1024.0,gpu_and_memory_workload,Total L2 Elapsed Cycles,cycle,13251876
ft_sgemm_medium,1024.0,gpu_and_memory_workload,Average SM Active Cycles,cycle,3305542.25
ft_sgemm_medium,1024.0,gpu_and_memory_workload,Total SM Elapsed Cycles,cycle,26510840
ft_sgemm_medium,1024.0,gpu_and_memory_workload,Average SMSP Active Cycles,cycle,3306773.62
ft_sgemm_medium,1024.0,gpu_and_memory_workload,Total SMSP Elapsed Cycles,cycle,106043360
ft_sgemm_medium,2048.0,speed_of_light,SM Frequency,Mhz,306.00
ft_sgemm_medium,2048.0,speed_of_light,Elapsed Cycles,cycle,26334545
ft_sgemm_medium,2048.0,speed_of_light,Memory Throughput,%,92.57
ft_sgemm_medium,2048.0,speed_of_light,Duration,s,0.08606
ft_sgemm_medium,2048.0,speed_of_light,L1/TEX Cache Throughput,%,92.47
ft_sgemm_medium,2048.0,speed_of_light,L2 Cache Throughput,%,48.14
ft_sgemm_medium,2048.0,speed_of_light,SM Active Cycles,cycle,26320378.88
ft_sgemm_medium,2048.0,speed_of_light,Compute (SM) Throughput,%,62.35
ft_sgemm_medium,2048.0,launch_statistics,Block Size,,64
ft_sgemm_medium,2048.0,launch_statistics,Function Cache Configuration,,CachePreferNone
ft_sgemm_medium,2048.0,launch_statistics,Grid Size,,4096
ft_sgemm_medium,2048.0,launch_statistics,Registers Per Thread,register/thread,64
ft_sgemm_medium,2048.0,launch_statistics,Shared Memory Configuration Size,Kbyte,102.40
ft_sgemm_medium,2048.0,launch_statistics,Driver Shared Memory Per Block,Kbyte/block,1.02
ft_sgemm_medium,2048.0,launch_statistics,Dynamic Shared Memory Per Block,byte/block,0
ft_sgemm_medium,2048.0,launch_statistics,Static Shared Memory Per Block,Kbyte/block,4.10
ft_sgemm_medium,2048.0,launch_statistics,# SMs,SM,8
ft_sgemm_medium,2048.0,launch_statistics,Threads,thread,262144
ft_sgemm_medium,2048.0,launch_statistics,Uses Green Context,,0
ft_sgemm_medium,2048.0,launch_statistics,Waves Per SM,,32
ft_sgemm_medium,2048.0,occupancy,Block Limit SM,block,16
ft_sgemm_medium,2048.0,occupancy,Block Limit Registers,block,16
ft_sgemm_medium,2048.0,occupancy,Block Limit Shared Mem,block,20
ft_sgemm_medium,2048.0,occupancy,Block Limit Warps,block,24
ft_sgemm_medium,2048.0,occupancy,Theoretical Active Warps per SM,warp,32
ft_sgemm_medium,2048.0,occupancy,Theoretical Occupancy,%,66.67
ft_sgemm_medium,2048.0,occupancy,Achieved Occupancy,%,66.02
ft_sgemm_medium,2048.0,occupancy,Achieved Active Warps Per SM,warp,31.69
ft_sgemm_medium,2048.0,gpu_and_memory_workload,Average L1 Active Cycles,cycle,26320378.88
ft_sgemm_medium,2048.0,gpu_and_memory_workload,Total L1 Elapsed Cycles,cycle,210349560
ft_sgemm_medium,2048.0,gpu_and_memory_workload,Average L2 Active Cycles,cycle,26327459.50
ft_sgemm_medium,2048.0,gpu_and_memory_workload,Total L2 Elapsed Cycles,cycle,105338160
ft_sgemm_medium,2048.0,gpu_and_memory_workload,Average SM Active Cycles,cycle,26320378.88
ft_sgemm_medium,2048.0,gpu_and_memory_workload,Total SM Elapsed Cycles,cycle,210349560
ft_sgemm_medium,2048.0,gpu_and_memory_workload,Average SMSP Active Cycles,cycle,26315606.19
ft_sgemm_medium,2048.0,gpu_and_memory_workload,Total SMSP Elapsed Cycles,cycle,841398240
ft_sgemm_medium,3072.0,speed_of_light,SM Frequency,Mhz,329.01
ft_sgemm_medium,3072.0,speed_of_light,Elapsed Cycles,cycle,87799395
ft_sgemm_medium,3072.0,speed_of_light,Memory Throughput,%,92.41
ft_sgemm_medium,3072.0,speed_of_light,Duration,s,0.26686
ft_sgemm_medium,3072.0,speed_of_light,L1/TEX Cache Throughput,%,92.48
ft_sgemm_medium,3072.0,speed_of_light,L2 Cache Throughput,%,48.98
ft_sgemm_medium,3072.0,speed_of_light,SM Active Cycles,cycle,87609132.62
ft_sgemm_medium,3072.0,speed_of_light,Compute (SM) Throughput,%,62.45
ft_sgemm_medium,3072.0,launch_statistics,Block Size,,64
ft_sgemm_medium,3072.0,launch_statistics,Function Cache Configuration,,CachePreferNone
ft_sgemm_medium,3072.0,launch_statistics,Grid Size,,9216
ft_sgemm_medium,3072.0,launch_statistics,Registers Per Thread,register/thread,64
ft_sgemm_medium,3072.0,launch_statistics,Shared Memory Configuration Size,Kbyte,102.40
ft_sgemm_medium,3072.0,launch_statistics,Driver Shared Memory Per Block,Kbyte/block,1.02
ft_sgemm_medium,3072.0,launch_statistics,Dynamic Shared Memory Per Block,byte/block,0
ft_sgemm_medium,3072.0,launch_statistics,Static Shared Memory Per Block,Kbyte/block,4.10
ft_sgemm_medium,3072.0,launch_statistics,# SMs,SM,8
ft_sgemm_medium,3072.0,launch_statistics,Threads,thread,589824
ft_sgemm_medium,3072.0,launch_statistics,Uses Green Context,,0
ft_sgemm_medium,3072.0,launch_statistics,Waves Per SM,,72
ft_sgemm_medium,3072.0,occupancy,Block Limit SM,block,16
ft_sgemm_medium,3072.0,occupancy,Block Limit Registers,block,16
ft_sgemm_medium,3072.0,occupancy,Block Limit Shared Mem,block,20
ft_sgemm_medium,3072.0,occupancy,Block Limit Warps,block,24
ft_sgemm_medium,3072.0,occupancy,Theoretical Active Warps per SM,warp,32
ft_sgemm_medium,3072.0,occupancy,Theoretical Occupancy,%,66.67
ft_sgemm_medium,3072.0,occupancy,Achieved Occupancy,%,66.37
ft_sgemm_medium,3072.0,occupancy,Achieved Active Warps Per SM,warp,31.86
ft_sgemm_medium,3072.0,gpu_and_memory_workload,Average L1 Active Cycles,cycle,87609132.62
ft_sgemm_medium,3072.0,gpu_and_memory_workload,Total L1 Elapsed Cycles,cycle,701373976
ft_sgemm_medium,3072.0,gpu_and_memory_workload,Average L2 Active Cycles,cycle,87659624.25
ft_sgemm_medium,3072.0,gpu_and_memory_workload,Total L2 Elapsed Cycles,cycle,351601644
ft_sgemm_medium,3072.0,gpu_and_memory_workload,Average SM Active Cycles,cycle,87609132.62
ft_sgemm_medium,3072.0,gpu_and_memory_workload,Total SM Elapsed Cycles,cycle,701373976
ft_sgemm_medium,3072.0,gpu_and_memory_workload,Average SMSP Active Cycles,cycle,87613775.50
ft_sgemm_medium,3072.0,gpu_and_memory_workload,Total SMSP Elapsed Cycles,cycle,2805495904
ft_sgemm_medium,4096.0,speed_of_light,SM Frequency,Mhz,406.79
ft_sgemm_medium,4096.0,speed_of_light,Elapsed Cycles,cycle,209670490
ft_sgemm_medium,4096.0,speed_of_light,Memory Throughput,%,92.69
ft_sgemm_medium,4096.0,speed_of_light,Duration,s,0.5154299999999999
ft_sgemm_medium,4096.0,speed_of_light,L1/TEX Cache Throughput,%,92.72
ft_sgemm_medium,4096.0,speed_of_light,L2 Cache Throughput,%,49.49
ft_sgemm_medium,4096.0,speed_of_light,SM Active Cycles,cycle,209446250.12
ft_sgemm_medium,4096.0,speed_of_light,Compute (SM) Throughput,%,62.46
ft_sgemm_medium,4096.0,launch_statistics,Block Size,,64
ft_sgemm_medium,4096.0,launch_statistics,Function Cache Configuration,,CachePreferNone
ft_sgemm_medium,4096.0,launch_statistics,Grid Size,,16384
ft_sgemm_medium,4096.0,launch_statistics,Registers Per Thread,register/thread,64
ft_sgemm_medium,4096.0,launch_statistics,Shared Memory Configuration Size,Kbyte,102.40
ft_sgemm_medium,4096.0,launch_statistics,Driver Shared Memory Per Block,Kbyte/block,1.02
ft_sgemm_medium,4096.0,launch_statistics,Dynamic Shared Memory Per Block,byte/block,0
ft_sgemm_medium,4096.0,launch_statistics,Static Shared Memory Per Block,Kbyte/block,4.10
ft_sgemm_medium,4096.0,launch_statistics,# SMs,SM,8
ft_sgemm_medium,4096.0,launch_statistics,Threads,thread,1048576
ft_sgemm_medium,4096.0,launch_statistics,Uses Green Context,,0
ft_sgemm_medium,4096.0,launch_statistics,Waves Per SM,,128
ft_sgemm_medium,4096.0,occupancy,Block Limit SM,block,16
ft_sgemm_medium,4096.0,occupancy,Block Limit Registers,block,16
ft_sgemm_medium,4096.0,occupancy,Block Limit Shared Mem,block,20
ft_sgemm_medium,4096.0,occupancy,Block Limit Warps,block,24
ft_sgemm_medium,4096.0,occupancy,Theoretical Active Warps per SM,warp,32
ft_sgemm_medium,4096.0,occupancy,Theoretical Occupancy,%,66.67
ft_sgemm_medium,4096.0,occupancy,Achieved Occupancy,%,66.49
ft_sgemm_medium,4096.0,occupancy,Achieved Active Warps Per SM,warp,31.91
ft_sgemm_medium,4096.0,gpu_and_memory_workload,Average L1 Active Cycles,cycle,209446250.12
ft_sgemm_medium,4096.0,gpu_and_memory_workload,Total L1 Elapsed Cycles,cycle,1676255728
ft_sgemm_medium,4096.0,gpu_and_memory_workload,Average L2 Active Cycles,cycle,209533315.25
ft_sgemm_medium,4096.0,gpu_and_memory_workload,Total L2 Elapsed Cycles,cycle,838681996
ft_sgemm_medium,4096.0,gpu_and_memory_workload,Average SM Active Cycles,cycle,209446250.12
ft_sgemm_medium,4096.0,gpu_and_memory_workload,Total SM Elapsed Cycles,cycle,1676255728
ft_sgemm_medium,4096.0,gpu_and_memory_workload,Average SMSP Active Cycles,cycle,209458543.19
ft_sgemm_medium,4096.0,gpu_and_memory_workload,Total SMSP Elapsed Cycles,cycle,6705022912
ft_sgemm_medium,5120.0,speed_of_light,SM Frequency,Mhz,408.00
ft_sgemm_medium,5120.0,speed_of_light,Elapsed Cycles,cycle,413069822
ft_sgemm_medium,5120.0,speed_of_light,Memory Throughput,%,92.69
ft_sgemm_medium,5120.0,speed_of_light,Duration,s,1.01
ft_sgemm_medium,5120.0,speed_of_light,L1/TEX Cache Throughput,%,92.71
ft_sgemm_medium,5120.0,speed_of_light,L2 Cache Throughput,%,51.25
ft_sgemm_medium,5120.0,speed_of_light,SM Active Cycles,cycle,412995672.38
ft_sgemm_medium,5120.0,speed_of_light,Compute (SM) Throughput,%,62.30
ft_sgemm_medium,5120.0,launch_statistics,Block Size,,64
ft_sgemm_medium,5120.0,launch_statistics,Function Cache Configuration,,CachePreferNone
ft_sgemm_medium,5120.0,launch_statistics,Grid Size,,25600
ft_sgemm_medium,5120.0,launch_statistics,Registers Per Thread,register/thread,64
ft_sgemm_medium,5120.0,launch_statistics,Shared Memory Configuration Size,Kbyte,102.40
ft_sgemm_medium,5120.0,launch_statistics,Driver Shared Memory Per Block,Kbyte/block,1.02
ft_sgemm_medium,5120.0,launch_statistics,Dynamic Shared Memory Per Block,byte/block,0
ft_sgemm_medium,5120.0,launch_statistics,Static Shared Memory Per Block,Kbyte/block,4.10
ft_sgemm_medium,5120.0,launch_statistics,# SMs,SM,8
ft_sgemm_medium,5120.0,launch_statistics,Threads,thread,1638400
ft_sgemm_medium,5120.0,launch_statistics,Uses Green Context,,0
ft_sgemm_medium,5120.0,launch_statistics,Waves Per SM,,200
ft_sgemm_medium,5120.0,occupancy,Block Limit SM,block,16
ft_sgemm_medium,5120.0,occupancy,Block Limit Registers,block,16
ft_sgemm_medium,5120.0,occupancy,Block Limit Shared Mem,block,20
ft_sgemm_medium,5120.0,occupancy,Block Limit Warps,block,24
ft_sgemm_medium,5120.0,occupancy,Theoretical Active Warps per SM,warp,32
ft_sgemm_medium,5120.0,occupancy,Theoretical Occupancy,%,66.67
ft_sgemm_medium,5120.0,occupancy,Achieved Occupancy,%,66.56
ft_sgemm_medium,5120.0,occupancy,Achieved Active Warps Per SM,warp,31.95
ft_sgemm_medium,5120.0,gpu_and_memory_workload,Average L1 Active Cycles,cycle,412995672.38
ft_sgemm_medium,5120.0,gpu_and_memory_workload,Total L1 Elapsed Cycles,cycle,3304864152
ft_sgemm_medium,5120.0,gpu_and_memory_workload,Average L2 Active Cycles,cycle,413091628.75
ft_sgemm_medium,5120.0,gpu_and_memory_workload,Total L2 Elapsed Cycles,cycle,1652279292
ft_sgemm_medium,5120.0,gpu_and_memory_workload,Average SM Active Cycles,cycle,412995672.38
ft_sgemm_medium,5120.0,gpu_and_memory_workload,Total SM Elapsed Cycles,cycle,3304864152
ft_sgemm_medium,5120.0,gpu_and_memory_workload,Average SMSP Active Cycles,cycle,412992056.53
ft_sgemm_medium,5120.0,gpu_and_memory_workload,Total SMSP Elapsed Cycles,cycle,13219456608
ft_sgemm_medium,6144.0,speed_of_light,SM Frequency,Mhz,408.00
ft_sgemm_medium,6144.0,speed_of_light,Elapsed Cycles,cycle,697858982
ft_sgemm_medium,6144.0,speed_of_light,Memory Throughput,%,92.53
ft_sgemm_medium,6144.0,speed_of_light,Duration,s,1.71
ft_sgemm_medium,6144.0,speed_of_light,L1/TEX Cache Throughput,%,92.60
ft_sgemm_medium,6144.0,speed_of_light,L2 Cache Throughput,%,52.85
ft_sgemm_medium,6144.0,speed_of_light,SM Active Cycles,cycle,697075397.75
ft_sgemm_medium,6144.0,speed_of_light,Compute (SM) Throughput,%,62.59
ft_sgemm_medium,6144.0,launch_statistics,Block Size,,64
ft_sgemm_medium,6144.0,launch_statistics,Function Cache Configuration,,CachePreferNone
ft_sgemm_medium,6144.0,launch_statistics,Grid Size,,36864
ft_sgemm_medium,6144.0,launch_statistics,Registers Per Thread,register/thread,64
ft_sgemm_medium,6144.0,launch_statistics,Shared Memory Configuration Size,Kbyte,102.40
ft_sgemm_medium,6144.0,launch_statistics,Driver Shared Memory Per Block,Kbyte/block,1.02
ft_sgemm_medium,6144.0,launch_statistics,Dynamic Shared Memory Per Block,byte/block,0
ft_sgemm_medium,6144.0,launch_statistics,Static Shared Memory Per Block,Kbyte/block,4.10
ft_sgemm_medium,6144.0,launch_statistics,# SMs,SM,8
ft_sgemm_medium,6144.0,launch_statistics,Threads,thread,2359296
ft_sgemm_medium,6144.0,launch_statistics,Uses Green Context,,0
ft_sgemm_medium,6144.0,launch_statistics,Waves Per SM,,288
ft_sgemm_medium,6144.0,occupancy,Block Limit SM,block,16
ft_sgemm_medium,6144.0,occupancy,Block Limit Registers,block,16
ft_sgemm_medium,6144.0,occupancy,Block Limit Shared Mem,block,20
ft_sgemm_medium,6144.0,occupancy,Block Limit Warps,block,24
ft_sgemm_medium,6144.0,occupancy,Theoretical Active Warps per SM,warp,32
ft_sgemm_medium,6144.0,occupancy,Theoretical Occupancy,%,66.67
ft_sgemm_medium,6144.0,occupancy,Achieved Occupancy,%,66.58
ft_sgemm_medium,6144.0,occupancy,Achieved Active Warps Per SM,warp,31.96
ft_sgemm_medium,6144.0,gpu_and_memory_workload,Average L1 Active Cycles,cycle,697075397.75
ft_sgemm_medium,6144.0,gpu_and_memory_workload,Total L1 Elapsed Cycles,cycle,5581269976
ft_sgemm_medium,6144.0,gpu_and_memory_workload,Average L2 Active Cycles,cycle,697480197.75
ft_sgemm_medium,6144.0,gpu_and_memory_workload,Total L2 Elapsed Cycles,cycle,2791435956
ft_sgemm_medium,6144.0,gpu_and_memory_workload,Average SM Active Cycles,cycle,697075397.75
ft_sgemm_medium,6144.0,gpu_and_memory_workload,Total SM Elapsed Cycles,cycle,5581269976
ft_sgemm_medium,6144.0,gpu_and_memory_workload,Average SMSP Active Cycles,cycle,697772699.22
ft_sgemm_medium,6144.0,gpu_and_memory_workload,Total SMSP Elapsed Cycles,cycle,22325079904
ft_sgemm_medium,7168.0,speed_of_light,SM Frequency,Mhz,407.43
ft_sgemm_medium,7168.0,speed_of_light,Elapsed Cycles,cycle,2260018954
ft_sgemm_medium,7168.0,speed_of_light,Memory Throughput,%,47.01
ft_sgemm_medium,7168.0,speed_of_light,Duration,s,5.55
ft_sgemm_medium,7168.0,speed_of_light,L1/TEX Cache Throughput,%,43.30
ft_sgemm_medium,7168.0,speed_of_light,L2 Cache Throughput,%,26.81
ft_sgemm_medium,7168.0,speed_of_light,SM Active Cycles,cycle,2370394617.75
ft_sgemm_medium,7168.0,speed_of_light,Compute (SM) Throughput,%,31.81
ft_sgemm_medium,7168.0,launch_statistics,Block Size,,64
ft_sgemm_medium,7168.0,launch_statistics,Function Cache Configuration,,CachePreferNone
ft_sgemm_medium,7168.0,launch_statistics,Grid Size,,50176
ft_sgemm_medium,7168.0,launch_statistics,Registers Per Thread,register/thread,64
ft_sgemm_medium,7168.0,launch_statistics,Shared Memory Configuration Size,Kbyte,102.40
ft_sgemm_medium,7168.0,launch_statistics,Driver Shared Memory Per Block,Kbyte/block,1.02
ft_sgemm_medium,7168.0,launch_statistics,Dynamic Shared Memory Per Block,byte/block,0
ft_sgemm_medium,7168.0,launch_statistics,Static Shared Memory Per Block,Kbyte/block,4.10
ft_sgemm_medium,7168.0,launch_statistics,# SMs,SM,8
ft_sgemm_medium,7168.0,launch_statistics,Threads,thread,3211264
ft_sgemm_medium,7168.0,launch_statistics,Uses Green Context,,0
ft_sgemm_medium,7168.0,launch_statistics,Waves Per SM,,392
ft_sgemm_medium,7168.0,occupancy,Block Limit SM,block,16
ft_sgemm_medium,7168.0,occupancy,Block Limit Registers,block,16
ft_sgemm_medium,7168.0,occupancy,Block Limit Shared Mem,block,20
ft_sgemm_medium,7168.0,occupancy,Block Limit Warps,block,24
ft_sgemm_medium,7168.0,occupancy,Theoretical Active Warps per SM,warp,32
ft_sgemm_medium,7168.0,occupancy,Theoretical Occupancy,%,66.67
ft_sgemm_medium,7168.0,occupancy,Achieved Occupancy,%,66.62
ft_sgemm_medium,7168.0,occupancy,Achieved Active Warps Per SM,warp,31.98
ft_sgemm_medium,7168.0,gpu_and_memory_workload,Average L1 Active Cycles,cycle,2370394617.75
ft_sgemm_medium,7168.0,gpu_and_memory_workload,Total L1 Elapsed Cycles,cycle,17466668904
ft_sgemm_medium,7168.0,gpu_and_memory_workload,Average L2 Active Cycles,cycle,2242775926
ft_sgemm_medium,7168.0,gpu_and_memory_workload,Total L2 Elapsed Cycles,cycle,9040075680
ft_sgemm_medium,7168.0,gpu_and_memory_workload,Average SM Active Cycles,cycle,2370394617.75
ft_sgemm_medium,7168.0,gpu_and_memory_workload,Total SM Elapsed Cycles,cycle,17466668904
ft_sgemm_medium,7168.0,gpu_and_memory_workload,Average SMSP Active Cycles,cycle,2384334819.50
ft_sgemm_medium,7168.0,gpu_and_memory_workload,Total SMSP Elapsed Cycles,cycle,69866675616
ft_sgemm_medium,8192.0,speed_of_light,SM Frequency,Mhz,408.00
ft_sgemm_medium,8192.0,speed_of_light,Elapsed Cycles,cycle,5893155932
ft_sgemm_medium,8192.0,speed_of_light,Memory Throughput,%,24.20
ft_sgemm_medium,8192.0,speed_of_light,Duration,s,14.44
ft_sgemm_medium,8192.0,speed_of_light,L1/TEX Cache Throughput,%,25.66
ft_sgemm_medium,8192.0,speed_of_light,L2 Cache Throughput,%,15.74
ft_sgemm_medium,8192.0,speed_of_light,SM Active Cycles,cycle,5948642900.12
ft_sgemm_medium,8192.0,speed_of_light,Compute (SM) Throughput,%,16.40
ft_sgemm_medium,8192.0,launch_statistics,Block Size,,64
ft_sgemm_medium,8192.0,launch_statistics,Function Cache Configuration,,CachePreferNone
ft_sgemm_medium,8192.0,launch_statistics,Grid Size,,65536
ft_sgemm_medium,8192.0,launch_statistics,Registers Per Thread,register/thread,64
ft_sgemm_medium,8192.0,launch_statistics,Shared Memory Configuration Size,Kbyte,102.40
ft_sgemm_medium,8192.0,launch_statistics,Driver Shared Memory Per Block,Kbyte/block,1.02
ft_sgemm_medium,8192.0,launch_statistics,Dynamic Shared Memory Per Block,byte/block,0
ft_sgemm_medium,8192.0,launch_statistics,Static Shared Memory Per Block,Kbyte/block,4.10
ft_sgemm_medium,8192.0,launch_statistics,# SMs,SM,8
ft_sgemm_medium,8192.0,launch_statistics,Threads,thread,4194304
ft_sgemm_medium,8192.0,launch_statistics,Uses Green Context,,0
ft_sgemm_medium,8192.0,launch_statistics,Waves Per SM,,512
ft_sgemm_medium,8192.0,occupancy,Block Limit SM,block,16
ft_sgemm_medium,8192.0,occupancy,Block Limit Registers,block,16
ft_sgemm_medium,8192.0,occupancy,Block Limit Shared Mem,block,20
ft_sgemm_medium,8192.0,occupancy,Block Limit Warps,block,24
ft_sgemm_medium,8192.0,occupancy,Theoretical Active Warps per SM,warp,32
ft_sgemm_medium,8192.0,occupancy,Theoretical Occupancy,%,66.67
ft_sgemm_medium,8192.0,occupancy,Achieved Occupancy,%,66.64
ft_sgemm_medium,8192.0,occupancy,Achieved Active Warps Per SM,warp,31.99
ft_sgemm_medium,8192.0,gpu_and_memory_workload,Average L1 Active Cycles,cycle,5948642900.12
ft_sgemm_medium,8192.0,gpu_and_memory_workload,Total L1 Elapsed Cycles,cycle,50454463744
ft_sgemm_medium,8192.0,gpu_and_memory_workload,Average L2 Active Cycles,cycle,6110633282
ft_sgemm_medium,8192.0,gpu_and_memory_workload,Total L2 Elapsed Cycles,cycle,23572623728
ft_sgemm_medium,8192.0,gpu_and_memory_workload,Average SM Active Cycles,cycle,5948642900.12
ft_sgemm_medium,8192.0,gpu_and_memory_workload,Total SM Elapsed Cycles,cycle,50454463744
ft_sgemm_medium,8192.0,gpu_and_memory_workload,Average SMSP Active Cycles,cycle,6234074686.72
ft_sgemm_medium,8192.0,gpu_and_memory_workload,Total SMSP Elapsed Cycles,cycle,201817854976
ft_sgemm_large,1024.0,speed_of_light,SM Frequency,Mhz,306.00
ft_sgemm_large,1024.0,speed_of_light,Elapsed Cycles,cycle,2286327
ft_sgemm_large,1024.0,speed_of_light,Memory Throughput,%,80.49
ft_sgemm_large,1024.0,speed_of_light,Duration,s,0.00747
ft_sgemm_large,1024.0,speed_of_light,L1/TEX Cache Throughput,%,80.93
ft_sgemm_large,1024.0,speed_of_light,L2 Cache Throughput,%,20.66
ft_sgemm_large,1024.0,speed_of_light,SM Active Cycles,cycle,2273887
ft_sgemm_large,1024.0,speed_of_light,Compute (SM) Throughput,%,61.17
ft_sgemm_large,1024.0,launch_statistics,Block Size,,64
ft_sgemm_large,1024.0,launch_statistics,Function Cache Configuration,,CachePreferNone
ft_sgemm_large,1024.0,launch_statistics,Grid Size,,256
ft_sgemm_large,1024.0,launch_statistics,Registers Per Thread,register/thread,149
ft_sgemm_large,1024.0,launch_statistics,Shared Memory Configuration Size,Kbyte,102.40
ft_sgemm_large,1024.0,launch_statistics,Driver Shared Memory Per Block,Kbyte/block,1.02
ft_sgemm_large,1024.0,launch_statistics,Dynamic Shared Memory Per Block,byte/block,0
ft_sgemm_large,1024.0,launch_statistics,Static Shared Memory Per Block,Kbyte/block,8.19
ft_sgemm_large,1024.0,launch_statistics,# SMs,SM,8
ft_sgemm_large,1024.0,launch_statistics,Threads,thread,16384
ft_sgemm_large,1024.0,launch_statistics,Uses Green Context,,0
ft_sgemm_large,1024.0,launch_statistics,Waves Per SM,,5.33
ft_sgemm_large,1024.0,occupancy,Block Limit SM,block,16
ft_sgemm_large,1024.0,occupancy,Block Limit Registers,block,6
ft_sgemm_large,1024.0,occupancy,Block Limit Shared Mem,block,11
ft_sgemm_large,1024.0,occupancy,Block Limit Warps,block,24
ft_sgemm_large,1024.0,occupancy,Theoretical Active Warps per SM,warp,12
ft_sgemm_large,1024.0,occupancy,Theoretical Occupancy,%,25
ft_sgemm_large,1024.0,occupancy,Achieved Occupancy,%,23.61
ft_sgemm_large,1024.0,occupancy,Achieved Active Warps Per SM,warp,11.33
ft_sgemm_large,1024.0,gpu_and_memory_workload,Average L1 Active Cycles,cycle,2273887
ft_sgemm_large,1024.0,gpu_and_memory_workload,Total L1 Elapsed Cycles,cycle,18292200
ft_sgemm_large,1024.0,gpu_and_memory_workload,Average L2 Active Cycles,cycle,2154698
ft_sgemm_large,1024.0,gpu_and_memory_workload,Total L2 Elapsed Cycles,cycle,9145300
ft_sgemm_large,1024.0,gpu_and_memory_workload,Average SM Active Cycles,cycle,2273887
ft_sgemm_large,1024.0,gpu_and_memory_workload,Total SM Elapsed Cycles,cycle,18292200
ft_sgemm_large,1024.0,gpu_and_memory_workload,Average SMSP Active Cycles,cycle,2274147.69
ft_sgemm_large,1024.0,gpu_and_memory_workload,Total SMSP Elapsed Cycles,cycle,73168800
ft_sgemm_large,2048.0,speed_of_light,SM Frequency,Mhz,306.00
ft_sgemm_large,2048.0,speed_of_light,Elapsed Cycles,cycle,17972034
ft_sgemm_large,2048.0,speed_of_light,Memory Throughput,%,81.88
ft_sgemm_large,2048.0,speed_of_light,Duration,s,0.05873
ft_sgemm_large,2048.0,speed_of_light,L1/TEX Cache Throughput,%,81.95
ft_sgemm_large,2048.0,speed_of_light,L2 Cache Throughput,%,31.43
ft_sgemm_large,2048.0,speed_of_light,SM Active Cycles,cycle,17904194.12
ft_sgemm_large,2048.0,speed_of_light,Compute (SM) Throughput,%,62.44
ft_sgemm_large,2048.0,launch_statistics,Block Size,,64
ft_sgemm_large,2048.0,launch_statistics,Function Cache Configuration,,CachePreferNone
ft_sgemm_large,2048.0,launch_statistics,Grid Size,,1024
ft_sgemm_large,2048.0,launch_statistics,Registers Per Thread,register/thread,149
ft_sgemm_large,2048.0,launch_statistics,Shared Memory Configuration Size,Kbyte,102.40
ft_sgemm_large,2048.0,launch_statistics,Driver Shared Memory Per Block,Kbyte/block,1.02
ft_sgemm_large,2048.0,launch_statistics,Dynamic Shared Memory Per Block,byte/block,0
ft_sgemm_large,2048.0,launch_statistics,Static Shared Memory Per Block,Kbyte/block,8.19
ft_sgemm_large,2048.0,launch_statistics,# SMs,SM,8
ft_sgemm_large,2048.0,launch_statistics,Threads,thread,65536
ft_sgemm_large,2048.0,launch_statistics,Uses Green Context,,0
ft_sgemm_large,2048.0,launch_statistics,Waves Per SM,,21.33
ft_sgemm_large,2048.0,occupancy,Block Limit SM,block,16
ft_sgemm_large,2048.0,occupancy,Block Limit Registers,block,6
ft_sgemm_large,2048.0,occupancy,Block Limit Shared Mem,block,11
ft_sgemm_large,2048.0,occupancy,Block Limit Warps,block,24
ft_sgemm_large,2048.0,occupancy,Theoretical Active Warps per SM,warp,12
ft_sgemm_large,2048.0,occupancy,Theoretical Occupancy,%,25
ft_sgemm_large,2048.0,occupancy,Achieved Occupancy,%,24.72
ft_sgemm_large,2048.0,occupancy,Achieved Active Warps Per SM,warp,11.87
ft_sgemm_large,2048.0,gpu_and_memory_workload,Average L1 Active Cycles,cycle,17904194.12
ft_sgemm_large,2048.0,gpu_and_memory_workload,Total L1 Elapsed Cycles,cycle,143351440
ft_sgemm_large,2048.0,gpu_and_memory_workload,Average L2 Active Cycles,cycle,17741075.75
ft_sgemm_large,2048.0,gpu_and_memory_workload,Total L2 Elapsed Cycles,cycle,71888128
ft_sgemm_large,2048.0,gpu_and_memory_workload,Average SM Active Cycles,cycle,17904194.12
ft_sgemm_large,2048.0,gpu_and_memory_workload,Total SM Elapsed Cycles,cycle,143351440
ft_sgemm_large,2048.0,gpu_and_memory_workload,Average SMSP Active Cycles,cycle,17905127.94
ft_sgemm_large,2048.0,gpu_and_memory_workload,Total SMSP Elapsed Cycles,cycle,573405760
ft_sgemm_large,3072.0,speed_of_light,SM Frequency,Mhz,306.00
ft_sgemm_large,3072.0,speed_of_light,Elapsed Cycles,cycle,59671523
ft_sgemm_large,3072.0,speed_of_light,Memory Throughput,%,82.11
ft_sgemm_large,3072.0,speed_of_light,Duration,s,0.19501
ft_sgemm_large,3072.0,speed_of_light,L1/TEX Cache Throughput,%,82.08
ft_sgemm_large,3072.0,speed_of_light,L2 Cache Throughput,%,32.16
ft_sgemm_large,3072.0,speed_of_light,SM Active Cycles,cycle,59494252.88
ft_sgemm_large,3072.0,speed_of_light,Compute (SM) Throughput,%,62.81
ft_sgemm_large,3072.0,launch_statistics,Block Size,,64
ft_sgemm_large,3072.0,launch_statistics,Function Cache Configuration,,CachePreferNone
ft_sgemm_large,3072.0,launch_statistics,Grid Size,,2304
ft_sgemm_large,3072.0,launch_statistics,Registers Per Thread,register/thread,149
ft_sgemm_large,3072.0,launch_statistics,Shared Memory Configuration Size,Kbyte,102.40
ft_sgemm_large,3072.0,launch_statistics,Driver Shared Memory Per Block,Kbyte/block,1.02
ft_sgemm_large,3072.0,launch_statistics,Dynamic Shared Memory Per Block,byte/block,0
ft_sgemm_large,3072.0,launch_statistics,Static Shared Memory Per Block,Kbyte/block,8.19
ft_sgemm_large,3072.0,launch_statistics,# SMs,SM,8
ft_sgemm_large,3072.0,launch_statistics,Threads,thread,147456
ft_sgemm_large,3072.0,launch_statistics,Uses Green Context,,0
ft_sgemm_large,3072.0,launch_statistics,Waves Per SM,,48
ft_sgemm_large,3072.0,occupancy,Block Limit SM,block,16
ft_sgemm_large,3072.0,occupancy,Block Limit Registers,block,6
ft_sgemm_large,3072.0,occupancy,Block Limit Shared Mem,block,11
ft_sgemm_large,3072.0,occupancy,Block Limit Warps,block,24
ft_sgemm_large,3072.0,occupancy,Theoretical Active Warps per SM,warp,12
ft_sgemm_large,3072.0,occupancy,Theoretical Occupancy,%,25
ft_sgemm_large,3072.0,occupancy,Achieved Occupancy,%,24.88
ft_sgemm_large,3072.0,occupancy,Achieved Active Warps Per SM,warp,11.94
ft_sgemm_large,3072.0,gpu_and_memory_workload,Average L1 Active Cycles,cycle,59494252.88
ft_sgemm_large,3072.0,gpu_and_memory_workload,Total L1 Elapsed Cycles,cycle,475809720
ft_sgemm_large,3072.0,gpu_and_memory_workload,Average L2 Active Cycles,cycle,59182807.25
ft_sgemm_large,3072.0,gpu_and_memory_workload,Total L2 Elapsed Cycles,cycle,238686080
ft_sgemm_large,3072.0,gpu_and_memory_workload,Average SM Active Cycles,cycle,59494252.88
ft_sgemm_large,3072.0,gpu_and_memory_workload,Total SM Elapsed Cycles,cycle,475809720
ft_sgemm_large,3072.0,gpu_and_memory_workload,Average SMSP Active Cycles,cycle,59373205.31
ft_sgemm_large,3072.0,gpu_and_memory_workload,Total SMSP Elapsed Cycles,cycle,1903238880
ft_sgemm_large,4096.0,speed_of_light,SM Frequency,Mhz,406.22
ft_sgemm_large,4096.0,speed_of_light,Elapsed Cycles,cycle,142663011
ft_sgemm_large,4096.0,speed_of_light,Memory Throughput,%,82.06
ft_sgemm_large,4096.0,speed_of_light,Duration,s,0.3512
ft_sgemm_large,4096.0,speed_of_light,L1/TEX Cache Throughput,%,82.24
ft_sgemm_large,4096.0,speed_of_light,L2 Cache Throughput,%,33.76
ft_sgemm_large,4096.0,speed_of_light,SM Active Cycles,cycle,142218891.38
ft_sgemm_large,4096.0,speed_of_light,Compute (SM) Throughput,%,62.72
ft_sgemm_large,4096.0,launch_statistics,Block Size,,64
ft_sgemm_large,4096.0,launch_statistics,Function Cache Configuration,,CachePreferNone
ft_sgemm_large,4096.0,launch_statistics,Grid Size,,4096
ft_sgemm_large,4096.0,launch_statistics,Registers Per Thread,register/thread,149
ft_sgemm_large,4096.0,launch_statistics,Shared Memory Configuration Size,Kbyte,102.40
ft_sgemm_large,4096.0,launch_statistics,Driver Shared Memory Per Block,Kbyte/block,1.02
ft_sgemm_large,4096.0,launch_statistics,Dynamic Shared Memory Per Block,byte/block,0
ft_sgemm_large,4096.0,launch_statistics,Static Shared Memory Per Block,Kbyte/block,8.19
ft_sgemm_large,4096.0,launch_statistics,# SMs,SM,8
ft_sgemm_large,4096.0,launch_statistics,Threads,thread,262144
ft_sgemm_large,4096.0,launch_statistics,Uses Green Context,,0
ft_sgemm_large,4096.0,launch_statistics,Waves Per SM,,85.33
ft_sgemm_large,4096.0,occupancy,Block Limit SM,block,16
ft_sgemm_large,4096.0,occupancy,Block Limit Registers,block,6
ft_sgemm_large,4096.0,occupancy,Block Limit Shared Mem,block,11
ft_sgemm_large,4096.0,occupancy,Block Limit Warps,block,24
ft_sgemm_large,4096.0,occupancy,Theoretical Active Warps per SM,warp,12
ft_sgemm_large,4096.0,occupancy,Theoretical Occupancy,%,25
ft_sgemm_large,4096.0,occupancy,Achieved Occupancy,%,24.92
ft_sgemm_large,4096.0,occupancy,Achieved Active Warps Per SM,warp,11.96
ft_sgemm_large,4096.0,gpu_and_memory_workload,Average L1 Active Cycles,cycle,142218891.38
ft_sgemm_large,4096.0,gpu_and_memory_workload,Total L1 Elapsed Cycles,cycle,1140186328
ft_sgemm_large,4096.0,gpu_and_memory_workload,Average L2 Active Cycles,cycle,141938785.75
ft_sgemm_large,4096.0,gpu_and_memory_workload,Total L2 Elapsed Cycles,cycle,570652000
ft_sgemm_large,4096.0,gpu_and_memory_workload,Average SM Active Cycles,cycle,142218891.38
ft_sgemm_large,4096.0,gpu_and_memory_workload,Total SM Elapsed Cycles,cycle,1140186328
ft_sgemm_large,4096.0,gpu_and_memory_workload,Average SMSP Active Cycles,cycle,142233139.16
ft_sgemm_large,4096.0,gpu_and_memory_workload,Total SMSP Elapsed Cycles,cycle,4560745312
ft_sgemm_large,5120.0,speed_of_light,SM Frequency,Mhz,408.00
ft_sgemm_large,5120.0,speed_of_light,Elapsed Cycles,cycle,277266542
ft_sgemm_large,5120.0,speed_of_light,Memory Throughput,%,83.13
ft_sgemm_large,5120.0,speed_of_light,Duration,s,0.6795800000000001
ft_sgemm_large,5120.0,speed_of_light,L1/TEX Cache Throughput,%,83.15
ft_sgemm_large,5120.0,speed_of_light,L2 Cache Throughput,%,37.58
ft_sgemm_large,5120.0,speed_of_light,SM Active Cycles,cycle,277203804.38
ft_sgemm_large,5120.0,speed_of_light,Compute (SM) Throughput,%,63.44
ft_sgemm_large,5120.0,launch_statistics,Block Size,,64
ft_sgemm_large,5120.0,launch_statistics,Function Cache Configuration,,CachePreferNone
ft_sgemm_large,5120.0,launch_statistics,Grid Size,,6400
ft_sgemm_large,5120.0,launch_statistics,Registers Per Thread,register/thread,149
ft_sgemm_large,5120.0,launch_statistics,Shared Memory Configuration Size,Kbyte,102.40
ft_sgemm_large,5120.0,launch_statistics,Driver Shared Memory Per Block,Kbyte/block,1.02
ft_sgemm_large,5120.0,launch_statistics,Dynamic Shared Memory Per Block,byte/block,0
ft_sgemm_large,5120.0,launch_statistics,Static Shared Memory Per Block,Kbyte/block,8.19
ft_sgemm_large,5120.0,launch_statistics,# SMs,SM,8
ft_sgemm_large,5120.0,launch_statistics,Threads,thread,409600
ft_sgemm_large,5120.0,launch_statistics,Uses Green Context,,0
ft_sgemm_large,5120.0,launch_statistics,Waves Per SM,,133.33
ft_sgemm_large,5120.0,occupancy,Block Limit SM,block,16
ft_sgemm_large,5120.0,occupancy,Block Limit Registers,block,6
ft_sgemm_large,5120.0,occupancy,Block Limit Shared Mem,block,11
ft_sgemm_large,5120.0,occupancy,Block Limit Warps,block,24
ft_sgemm_large,5120.0,occupancy,Theoretical Active Warps per SM,warp,12
ft_sgemm_large,5120.0,occupancy,Theoretical Occupancy,%,25
ft_sgemm_large,5120.0,occupancy,Achieved Occupancy,%,24.94
ft_sgemm_large,5120.0,occupancy,Achieved Active Warps Per SM,warp,11.97
ft_sgemm_large,5120.0,gpu_and_memory_workload,Average L1 Active Cycles,cycle,277203804.38
ft_sgemm_large,5120.0,gpu_and_memory_workload,Total L1 Elapsed Cycles,cycle,2218375072
ft_sgemm_large,5120.0,gpu_and_memory_workload,Average L2 Active Cycles,cycle,275369377.25
ft_sgemm_large,5120.0,gpu_and_memory_workload,Total L2 Elapsed Cycles,cycle,1109066176
ft_sgemm_large,5120.0,gpu_and_memory_workload,Average SM Active Cycles,cycle,277203804.38
ft_sgemm_large,5120.0,gpu_and_memory_workload,Total SM Elapsed Cycles,cycle,2218375072
ft_sgemm_large,5120.0,gpu_and_memory_workload,Average SMSP Active Cycles,cycle,277037541.53
ft_sgemm_large,5120.0,gpu_and_memory_workload,Total SMSP Elapsed Cycles,cycle,8873500288
ft_sgemm_large,6144.0,speed_of_light,SM Frequency,Mhz,408.00
ft_sgemm_large,6144.0,speed_of_light,Elapsed Cycles,cycle,513802196
ft_sgemm_large,6144.0,speed_of_light,Memory Throughput,%,75.74
ft_sgemm_large,6144.0,speed_of_light,Duration,s,1.26
ft_sgemm_large,6144.0,speed_of_light,L1/TEX Cache Throughput,%,75.73
ft_sgemm_large,6144.0,speed_of_light,L2 Cache Throughput,%,26.50
ft_sgemm_large,6144.0,speed_of_light,SM Active Cycles,cycle,513095341.62
ft_sgemm_large,6144.0,speed_of_light,Compute (SM) Throughput,%,58.10
ft_sgemm_large,6144.0,launch_statistics,Block Size,,64
ft_sgemm_large,6144.0,launch_statistics,Function Cache Configuration,,CachePreferNone
ft_sgemm_large,6144.0,launch_statistics,Grid Size,,9216
ft_sgemm_large,6144.0,launch_statistics,Registers Per Thread,register/thread,149
ft_sgemm_large,6144.0,launch_statistics,Shared Memory Configuration Size,Kbyte,102.40
ft_sgemm_large,6144.0,launch_statistics,Driver Shared Memory Per Block,Kbyte/block,1.02
ft_sgemm_large,6144.0,launch_statistics,Dynamic Shared Memory Per Block,byte/block,0
ft_sgemm_large,6144.0,launch_statistics,Static Shared Memory Per Block,Kbyte/block,8.19
ft_sgemm_large,6144.0,launch_statistics,# SMs,SM,8
ft_sgemm_large,6144.0,launch_statistics,Threads,thread,589824
ft_sgemm_large,6144.0,launch_statistics,Uses Green Context,,0
ft_sgemm_large,6144.0,launch_statistics,Waves Per SM,,192
ft_sgemm_large,6144.0,occupancy,Block Limit SM,block,16
ft_sgemm_large,6144.0,occupancy,Block Limit Registers,block,6
ft_sgemm_large,6144.0,occupancy,Block Limit Shared Mem,block,11
ft_sgemm_large,6144.0,occupancy,Block Limit Warps,block,24
ft_sgemm_large,6144.0,occupancy,Theoretical Active Warps per SM,warp,12
ft_sgemm_large,6144.0,occupancy,Theoretical Occupancy,%,25
ft_sgemm_large,6144.0,occupancy,Achieved Occupancy,%,24.99
ft_sgemm_large,6144.0,occupancy,Achieved Active Warps Per SM,warp,12.00
ft_sgemm_large,6144.0,gpu_and_memory_workload,Average L1 Active Cycles,cycle,513095341.62
ft_sgemm_large,6144.0,gpu_and_memory_workload,Total L1 Elapsed Cycles,cycle,4104537904
ft_sgemm_large,6144.0,gpu_and_memory_workload,Average L2 Active Cycles,cycle,266318795.50
ft_sgemm_large,6144.0,gpu_and_memory_workload,Total L2 Elapsed Cycles,cycle,2055208800
ft_sgemm_large,6144.0,gpu_and_memory_workload,Average SM Active Cycles,cycle,513095341.62
ft_sgemm_large,6144.0,gpu_and_memory_workload,Total SM Elapsed Cycles,cycle,4104537904
ft_sgemm_large,6144.0,gpu_and_memory_workload,Average SMSP Active Cycles,cycle,513144887.97
ft_sgemm_large,6144.0,gpu_and_memory_workload,Total SMSP Elapsed Cycles,cycle,16418151616
ft_sgemm_large,7168.0,speed_of_light,SM Frequency,Mhz,408.00
ft_sgemm_large,7168.0,speed_of_light,Elapsed Cycles,cycle,811394648
ft_sgemm_large,7168.0,speed_of_light,Memory Throughput,%,76.24
ft_sgemm_large,7168.0,speed_of_light,Duration,s,1.99
ft_sgemm_large,7168.0,speed_of_light,L1/TEX Cache Throughput,%,76.31
ft_sgemm_large,7168.0,speed_of_light,L2 Cache Throughput,%,26.77
ft_sgemm_large,7168.0,speed_of_light,SM Active Cycles,cycle,810365452.38
ft_sgemm_large,7168.0,speed_of_light,Compute (SM) Throughput,%,58.47
ft_sgemm_large,7168.0,launch_statistics,Block Size,,64
ft_sgemm_large,7168.0,launch_statistics,Function Cache Configuration,,CachePreferNone
ft_sgemm_large,7168.0,launch_statistics,Grid Size,,12544
ft_sgemm_large,7168.0,launch_statistics,Registers Per Thread,register/thread,149
ft_sgemm_large,7168.0,launch_statistics,Shared Memory Configuration Size,Kbyte,102.40
ft_sgemm_large,7168.0,launch_statistics,Driver Shared Memory Per Block,Kbyte/block,1.02
ft_sgemm_large,7168.0,launch_statistics,Dynamic Shared Memory Per Block,byte/block,0
ft_sgemm_large,7168.0,launch_statistics,Static Shared Memory Per Block,Kbyte/block,8.19
ft_sgemm_large,7168.0,launch_statistics,# SMs,SM,8
ft_sgemm_large,7168.0,launch_statistics,Threads,thread,802816
ft_sgemm_large,7168.0,launch_statistics,Uses Green Context,,0
ft_sgemm_large,7168.0,launch_statistics,Waves Per SM,,261.33
ft_sgemm_large,7168.0,occupancy,Block Limit SM,block,16
ft_sgemm_large,7168.0,occupancy,Block Limit Registers,block,6
ft_sgemm_large,7168.0,occupancy,Block Limit Shared Mem,block,11
ft_sgemm_large,7168.0,occupancy,Block Limit Warps,block,24
ft_sgemm_large,7168.0,occupancy,Theoretical Active Warps per SM,warp,12
ft_sgemm_large,7168.0,occupancy,Theoretical Occupancy,%,25
ft_sgemm_large,7168.0,occupancy,Achieved Occupancy,%,24.95
ft_sgemm_large,7168.0,occupancy,Achieved Active Warps Per SM,warp,11.98
ft_sgemm_large,7168.0,gpu_and_memory_workload,Average L1 Active Cycles,cycle,810365452.38
ft_sgemm_large,7168.0,gpu_and_memory_workload,Total L1 Elapsed Cycles,cycle,6489010864
ft_sgemm_large,7168.0,gpu_and_memory_workload,Average L2 Active Cycles,cycle,440639656.50
ft_sgemm_large,7168.0,gpu_and_memory_workload,Total L2 Elapsed Cycles,cycle,3245578560
ft_sgemm_large,7168.0,gpu_and_memory_workload,Average SM Active Cycles,cycle,810365452.38
ft_sgemm_large,7168.0,gpu_and_memory_workload,Total SM Elapsed Cycles,cycle,6489010864
ft_sgemm_large,7168.0,gpu_and_memory_workload,Average SMSP Active Cycles,cycle,810461987.34
ft_sgemm_large,7168.0,gpu_and_memory_workload,Total SMSP Elapsed Cycles,cycle,25956043456
ft_sgemm_large,8192.0,speed_of_light,SM Frequency,Mhz,408.00
ft_sgemm_large,8192.0,speed_of_light,Elapsed Cycles,cycle,1216750773
ft_sgemm_large,8192.0,speed_of_light,Memory Throughput,%,75.60
ft_sgemm_large,8192.0,speed_of_light,Duration,s,2.98
ft_sgemm_large,8192.0,speed_of_light,L1/TEX Cache Throughput,%,75.59
ft_sgemm_large,8192.0,speed_of_light,L2 Cache Throughput,%,26.57
ft_sgemm_large,8192.0,speed_of_light,SM Active Cycles,cycle,1217226507.12
ft_sgemm_large,8192.0,speed_of_light,Compute (SM) Throughput,%,58.01
ft_sgemm_large,8192.0,launch_statistics,Block Size,,64
ft_sgemm_large,8192.0,launch_statistics,Function Cache Configuration,,CachePreferNone
ft_sgemm_large,8192.0,launch_statistics,Grid Size,,16384
ft_sgemm_large,8192.0,launch_statistics,Registers Per Thread,register/thread,149
ft_sgemm_large,8192.0,launch_statistics,Shared Memory Configuration Size,Kbyte,102.40
ft_sgemm_large,8192.0,launch_statistics,Driver Shared Memory Per Block,Kbyte/block,1.02
ft_sgemm_large,8192.0,launch_statistics,Dynamic Shared Memory Per Block,byte/block,0
ft_sgemm_large,8192.0,launch_statistics,Static Shared Memory Per Block,Kbyte/block,8.19
ft_sgemm_large,8192.0,launch_statistics,# SMs,SM,8
ft_sgemm_large,8192.0,launch_statistics,Threads,thread,1048576
ft_sgemm_large,8192.0,launch_statistics,Uses Green Context,,0
ft_sgemm_large,8192.0,launch_statistics,Waves Per SM,,341.33
ft_sgemm_large,8192.0,occupancy,Block Limit SM,block,16
ft_sgemm_large,8192.0,occupancy,Block Limit Registers,block,6
ft_sgemm_large,8192.0,occupancy,Block Limit Shared Mem,block,11
ft_sgemm_large,8192.0,occupancy,Block Limit Warps,block,24
ft_sgemm_large,8192.0,occupancy,Theoretical Active Warps per SM,warp,12
ft_sgemm_large,8192.0,occupancy,Theoretical Occupancy,%,25
ft_sgemm_large,8192.0,occupancy,Achieved Occupancy,%,24.96
ft_sgemm_large,8192.0,occupancy,Achieved Active Warps Per SM,warp,11.98
ft_sgemm_large,8192.0,gpu_and_memory_workload,Average L1 Active Cycles,cycle,1217226507.12
ft_sgemm_large,8192.0,gpu_and_memory_workload,Total L1 Elapsed Cycles,cycle,9736755176
ft_sgemm_large,8192.0,gpu_and_memory_workload,Average L2 Active Cycles,cycle,591711318.25
ft_sgemm_large,8192.0,gpu_and_memory_workload,Total L2 Elapsed Cycles,cycle,4867003104
ft_sgemm_large,8192.0,gpu_and_memory_workload,Average SM Active Cycles,cycle,1217226507.12
ft_sgemm_large,8192.0,gpu_and_memory_workload,Total SM Elapsed Cycles,cycle,9736755176
ft_sgemm_large,8192.0,gpu_and_memory_workload,Average SMSP Active Cycles,cycle,1216960619.94
ft_sgemm_large,8192.0,gpu_and_memory_workload,Total SMSP Elapsed Cycles,cycle,38947020704
ft_sgemm_tall,1024.0,speed_of_light,SM Frequency,Mhz,306.00
ft_sgemm_tall,1024.0,speed_of_light,Elapsed Cycles,cycle,3873123
ft_sgemm_tall,1024.0,speed_of_light,Memory Throughput,%,97.50
ft_sgemm_tall,1024.0,speed_of_light,Duration,s,0.01266
ft_sgemm_tall,1024.0,speed_of_light,L1/TEX Cache Throughput,%,97.60
ft_sgemm_tall,1024.0,speed_of_light,L2 Cache Throughput,%,31.93
ft_sgemm_tall,1024.0,speed_of_light,SM Active Cycles,cycle,3869222.50
ft_sgemm_tall,1024.0,speed_of_light,Compute (SM) Throughput,%,45.04
ft_sgemm_tall,1024.0,launch_statistics,Block Size,,128
ft_sgemm_tall,1024.0,launch_statistics,Function Cache Configuration,,CachePreferNone
ft_sgemm_tall,1024.0,launch_statistics,Grid Size,,256
ft_sgemm_tall,1024.0,launch_statistics,Registers Per Thread,register/thread,95
ft_sgemm_tall,1024.0,launch_statistics,Shared Memory Configuration Size,Kbyte,102.40
ft_sgemm_tall,1024.0,launch_statistics,Driver Shared Memory Per Block,Kbyte/block,1.02
ft_sgemm_tall,1024.0,launch_statistics,Dynamic Shared Memory Per Block,byte/block,0
ft_sgemm_tall,1024.0,launch_statistics,Static Shared Memory Per Block,Kbyte/block,10.24
ft_sgemm_tall,1024.0,launch_statistics,# SMs,SM,8
ft_sgemm_tall,1024.0,launch_statistics,Threads,thread,32768
ft_sgemm_tall,1024.0,launch_statistics,Uses Green Context,,0
ft_sgemm_tall,1024.0,launch_statistics,Waves Per SM,,6.40
ft_sgemm_tall,1024.0,occupancy,Block Limit SM,block,16
ft_sgemm_tall,1024.0,occupancy,Block Limit Registers,block,5
ft_sgemm_tall,1024.0,occupancy,Block Limit Shared Mem,block,9
ft_sgemm_tall,1024.0,occupancy,Block Limit Warps,block,12
ft_sgemm_tall,1024.0,occupancy,Theoretical Active Warps per SM,warp,20
ft_sgemm_tall,1024.0,occupancy,Theoretical Occupancy,%,41.67
ft_sgemm_tall,1024.0,occupancy,Achieved Occupancy,%,40.25
ft_sgemm_tall,1024.0,occupancy,Achieved Active Warps Per SM,warp,19.32
ft_sgemm_tall,1024.0,gpu_and_memory_workload,Average L1 Active Cycles,cycle,3869222.50
ft_sgemm_tall,1024.0,gpu_and_memory_workload,Total L1 Elapsed Cycles,cycle,30984472
ft_sgemm_tall,1024.0,gpu_and_memory_workload,Average L2 Active Cycles,cycle,3776832.25
ft_sgemm_tall,1024.0,gpu_and_memory_workload,Total L2 Elapsed Cycles,cycle,15492504
ft_sgemm_tall,1024.0,gpu_and_memory_workload,Average SM Active Cycles,cycle,3869222.50
ft_sgemm_tall,1024.0,gpu_and_memory_workload,Total SM Elapsed Cycles,cycle,30984472
ft_sgemm_tall,1024.0,gpu_and_memory_workload,Average SMSP Active Cycles,cycle,3869241.09
ft_sgemm_tall,1024.0,gpu_and_memory_workload,Total SMSP Elapsed Cycles,cycle,123937888
ft_sgemm_tall,2048.0,speed_of_light,SM Frequency,Mhz,306.00
ft_sgemm_tall,2048.0,speed_of_light,Elapsed Cycles,cycle,30845190
ft_sgemm_tall,2048.0,speed_of_light,Memory Throughput,%,98.03
ft_sgemm_tall,2048.0,speed_of_light,Duration,s,0.1008
ft_sgemm_tall,2048.0,speed_of_light,L1/TEX Cache Throughput,%,98.04
ft_sgemm_tall,2048.0,speed_of_light,L2 Cache Throughput,%,34.22
ft_sgemm_tall,2048.0,speed_of_light,SM Active Cycles,cycle,30838588.38
ft_sgemm_tall,2048.0,speed_of_light,Compute (SM) Throughput,%,45.21
ft_sgemm_tall,2048.0,launch_statistics,Block Size,,128
ft_sgemm_tall,2048.0,launch_statistics,Function Cache Configuration,,CachePreferNone
ft_sgemm_tall,2048.0,launch_statistics,Grid Size,,1024
ft_sgemm_tall,2048.0,launch_statistics,Registers Per Thread,register/thread,95
ft_sgemm_tall,2048.0,launch_statistics,Shared Memory Configuration Size,Kbyte,102.40
ft_sgemm_tall,2048.0,launch_statistics,Driver Shared Memory Per Block,Kbyte/block,1.02
ft_sgemm_tall,2048.0,launch_statistics,Dynamic Shared Memory Per Block,byte/block,0
ft_sgemm_tall,2048.0,launch_statistics,Static Shared Memory Per Block,Kbyte/block,10.24
ft_sgemm_tall,2048.0,launch_statistics,# SMs,SM,8
ft_sgemm_tall,2048.0,launch_statistics,Threads,thread,131072
ft_sgemm_tall,2048.0,launch_statistics,Uses Green Context,,0
ft_sgemm_tall,2048.0,launch_statistics,Waves Per SM,,25.60
ft_sgemm_tall,2048.0,occupancy,Block Limit SM,block,16
ft_sgemm_tall,2048.0,occupancy,Block Limit Registers,block,5
ft_sgemm_tall,2048.0,occupancy,Block Limit Shared Mem,block,9
ft_sgemm_tall,2048.0,occupancy,Block Limit Warps,block,12
ft_sgemm_tall,2048.0,occupancy,Theoretical Active Warps per SM,warp,20
ft_sgemm_tall,2048.0,occupancy,Theoretical Occupancy,%,41.67
ft_sgemm_tall,2048.0,occupancy,Achieved Occupancy,%,41.30
ft_sgemm_tall,2048.0,occupancy,Achieved Active Warps Per SM,warp,19.82
ft_sgemm_tall,2048.0,gpu_and_memory_workload,Average L1 Active Cycles,cycle,30838588.38
ft_sgemm_tall,2048.0,gpu_and_memory_workload,Total L1 Elapsed Cycles,cycle,246734800
ft_sgemm_tall,2048.0,gpu_and_memory_workload,Average L2 Active Cycles,cycle,30764526.25
ft_sgemm_tall,2048.0,gpu_and_memory_workload,Total L2 Elapsed Cycles,cycle,123380752
ft_sgemm_tall,2048.0,gpu_and_memory_workload,Average SM Active Cycles,cycle,30838588.38
ft_sgemm_tall,2048.0,gpu_and_memory_workload,Total SM Elapsed Cycles,cycle,246734800
ft_sgemm_tall,2048.0,gpu_and_memory_workload,Average SMSP Active Cycles,cycle,30839933.38
ft_sgemm_tall,2048.0,gpu_and_memory_workload,Total SMSP Elapsed Cycles,cycle,986939200
ft_sgemm_tall,3072.0,speed_of_light,SM Frequency,Mhz,306.00
ft_sgemm_tall,3072.0,speed_of_light,Elapsed Cycles,cycle,102068296
ft_sgemm_tall,3072.0,speed_of_light,Memory Throughput,%,98.19
ft_sgemm_tall,3072.0,speed_of_light,Duration,s,0.33356
ft_sgemm_tall,3072.0,speed_of_light,L1/TEX Cache Throughput,%,98.20
ft_sgemm_tall,3072.0,speed_of_light,L2 Cache Throughput,%,34.56
ft_sgemm_tall,3072.0,speed_of_light,SM Active Cycles,cycle,102089297.62
ft_sgemm_tall,3072.0,speed_of_light,Compute (SM) Throughput,%,45.56
ft_sgemm_tall,3072.0,launch_statistics,Block Size,,128
ft_sgemm_tall,3072.0,launch_statistics,Function Cache Configuration,,CachePreferNone
ft_sgemm_tall,3072.0,launch_statistics,Grid Size,,2304
ft_sgemm_tall,3072.0,launch_statistics,Registers Per Thread,register/thread,95
ft_sgemm_tall,3072.0,launch_statistics,Shared Memory Configuration Size,Kbyte,102.40
ft_sgemm_tall,3072.0,launch_statistics,Driver Shared Memory Per Block,Kbyte/block,1.02
ft_sgemm_tall,3072.0,launch_statistics,Dynamic Shared Memory Per Block,byte/block,0
ft_sgemm_tall,3072.0,launch_statistics,Static Shared Memory Per Block,Kbyte/block,10.24
ft_sgemm_tall,3072.0,launch_statistics,# SMs,SM,8
ft_sgemm_tall,3072.0,launch_statistics,Threads,thread,294912
ft_sgemm_tall,3072.0,launch_statistics,Uses Green Context,,0
ft_sgemm_tall,3072.0,launch_statistics,Waves Per SM,,57.60
ft_sgemm_tall,3072.0,occupancy,Block Limit SM,block,16
ft_sgemm_tall,3072.0,occupancy,Block Limit Registers,block,5
ft_sgemm_tall,3072.0,occupancy,Block Limit Shared Mem,block,9
ft_sgemm_tall,3072.0,occupancy,Block Limit Warps,block,12
ft_sgemm_tall,3072.0,occupancy,Theoretical Active Warps per SM,warp,20
ft_sgemm_tall,3072.0,occupancy,Theoretical Occupancy,%,41.67
ft_sgemm_tall,3072.0,occupancy,Achieved Occupancy,%,41.50
ft_sgemm_tall,3072.0,occupancy,Achieved Active Warps Per SM,warp,19.92
ft_sgemm_tall,3072.0,gpu_and_memory_workload,Average L1 Active Cycles,cycle,102089297.62
ft_sgemm_tall,3072.0,gpu_and_memory_workload,Total L1 Elapsed Cycles,cycle,816771664
ft_sgemm_tall,3072.0,gpu_and_memory_workload,Average L2 Active Cycles,cycle,101919683.75
ft_sgemm_tall,3072.0,gpu_and_memory_workload,Total L2 Elapsed Cycles,cycle,408273176
ft_sgemm_tall,3072.0,gpu_and_memory_workload,Average SM Active Cycles,cycle,102089297.62
ft_sgemm_tall,3072.0,gpu_and_memory_workload,Total SM Elapsed Cycles,cycle,816771664
ft_sgemm_tall,3072.0,gpu_and_memory_workload,Average SMSP Active Cycles,cycle,102090396.47
ft_sgemm_tall,3072.0,gpu_and_memory_workload,Total SMSP Elapsed Cycles,cycle,3267086656
ft_sgemm_tall,4096.0,speed_of_light,SM Frequency,Mhz,406.96
ft_sgemm_tall,4096.0,speed_of_light,Elapsed Cycles,cycle,246044981
ft_sgemm_tall,4096.0,speed_of_light,Memory Throughput,%,98.16
ft_sgemm_tall,4096.0,speed_of_light,Duration,s,0.6045900000000001
ft_sgemm_tall,4096.0,speed_of_light,L1/TEX Cache Throughput,%,98.17
ft_sgemm_tall,4096.0,speed_of_light,L2 Cache Throughput,%,33.81
ft_sgemm_tall,4096.0,speed_of_light,SM Active Cycles,cycle,245937153.50
ft_sgemm_tall,4096.0,speed_of_light,Compute (SM) Throughput,%,45.27
ft_sgemm_tall,4096.0,launch_statistics,Block Size,,128
ft_sgemm_tall,4096.0,launch_statistics,Function Cache Configuration,,CachePreferNone
ft_sgemm_tall,4096.0,launch_statistics,Grid Size,,4096
ft_sgemm_tall,4096.0,launch_statistics,Registers Per Thread,register/thread,95
ft_sgemm_tall,4096.0,launch_statistics,Shared Memory Configuration Size,Kbyte,102.40
ft_sgemm_tall,4096.0,launch_statistics,Driver Shared Memory Per Block,Kbyte/block,1.02
ft_sgemm_tall,4096.0,launch_statistics,Dynamic Shared Memory Per Block,byte/block,0
ft_sgemm_tall,4096.0,launch_statistics,Static Shared Memory Per Block,Kbyte/block,10.24
ft_sgemm_tall,4096.0,launch_statistics,# SMs,SM,8
ft_sgemm_tall,4096.0,launch_statistics,Threads,thread,524288
ft_sgemm_tall,4096.0,launch_statistics,Uses Green Context,,0
ft_sgemm_tall,4096.0,launch_statistics,Waves Per SM,,102.40
ft_sgemm_tall,4096.0,occupancy,Block Limit SM,block,16
ft_sgemm_tall,4096.0,occupancy,Block Limit Registers,block,5
ft_sgemm_tall,4096.0,occupancy,Block Limit Shared Mem,block,9
ft_sgemm_tall,4096.0,occupancy,Block Limit Warps,block,12
ft_sgemm_tall,4096.0,occupancy,Theoretical Active Warps per SM,warp,20
ft_sgemm_tall,4096.0,occupancy,Theoretical Occupancy,%,41.67
ft_sgemm_tall,4096.0,occupancy,Achieved Occupancy,%,41.57
ft_sgemm_tall,4096.0,occupancy,Achieved Active Warps Per SM,warp,19.95
ft_sgemm_tall,4096.0,gpu_and_memory_workload,Average L1 Active Cycles,cycle,245937153.50
ft_sgemm_tall,4096.0,gpu_and_memory_workload,Total L1 Elapsed Cycles,cycle,1967570016
ft_sgemm_tall,4096.0,gpu_and_memory_workload,Average L2 Active Cycles,cycle,245157505
ft_sgemm_tall,4096.0,gpu_and_memory_workload,Total L2 Elapsed Cycles,cycle,984179912
ft_sgemm_tall,4096.0,gpu_and_memory_workload,Average SM Active Cycles,cycle,245937153.50
ft_sgemm_tall,4096.0,gpu_and_memory_workload,Total SM Elapsed Cycles,cycle,1967570016
ft_sgemm_tall,4096.0,gpu_and_memory_workload,Average SMSP Active Cycles,cycle,245937637.75
ft_sgemm_tall,4096.0,gpu_and_memory_workload,Total SMSP Elapsed Cycles,cycle,7870280064
ft_sgemm_tall,5120.0,speed_of_light,SM Frequency,Mhz,408.00
ft_sgemm_tall,5120.0,speed_of_light,Elapsed Cycles,cycle,486801965
ft_sgemm_tall,5120.0,speed_of_light,Memory Throughput,%,98.13
ft_sgemm_tall,5120.0,speed_of_light,Duration,s,1.19
ft_sgemm_tall,5120.0,speed_of_light,L1/TEX Cache Throughput,%,98.13
ft_sgemm_tall,5120.0,speed_of_light,L2 Cache Throughput,%,33.28
ft_sgemm_tall,5120.0,speed_of_light,SM Active Cycles,cycle,486798057.88
ft_sgemm_tall,5120.0,speed_of_light,Compute (SM) Throughput,%,45.02
ft_sgemm_tall,5120.0,launch_statistics,Block Size,,128
ft_sgemm_tall,5120.0,launch_statistics,Function Cache Configuration,,CachePreferNone
ft_sgemm_tall,5120.0,launch_statistics,Grid Size,,6400
ft_sgemm_tall,5120.0,launch_statistics,Registers Per Thread,register/thread,95
ft_sgemm_tall,5120.0,launch_statistics,Shared Memory Configuration Size,Kbyte,102.40
ft_sgemm_tall,5120.0,launch_statistics,Driver Shared Memory Per Block,Kbyte/block,1.02
ft_sgemm_tall,5120.0,launch_statistics,Dynamic Shared Memory Per Block,byte/block,0
ft_sgemm_tall,5120.0,launch_statistics,Static Shared Memory Per Block,Kbyte/block,10.24
ft_sgemm_tall,5120.0,launch_statistics,# SMs,SM,8
ft_sgemm_tall,5120.0,launch_statistics,Threads,thread,819200
ft_sgemm_tall,5120.0,launch_statistics,Uses Green Context,,0
ft_sgemm_tall,5120.0,launch_statistics,Waves Per SM,,160
ft_sgemm_tall,5120.0,occupancy,Block Limit SM,block,16
ft_sgemm_tall,5120.0,occupancy,Block Limit Registers,block,5
ft_sgemm_tall,5120.0,occupancy,Block Limit Shared Mem,block,9
ft_sgemm_tall,5120.0,occupancy,Block Limit Warps,block,12
ft_sgemm_tall,5120.0,occupancy,Theoretical Active Warps per SM,warp,20
ft_sgemm_tall,5120.0,occupancy,Theoretical Occupancy,%,41.67
ft_sgemm_tall,5120.0,occupancy,Achieved Occupancy,%,41.60
ft_sgemm_tall,5120.0,occupancy,Achieved Active Warps Per SM,warp,19.97
ft_sgemm_tall,5120.0,gpu_and_memory_workload,Average L1 Active Cycles,cycle,486798057.88
ft_sgemm_tall,5120.0,gpu_and_memory_workload,Total L1 Elapsed Cycles,cycle,3894486504
ft_sgemm_tall,5120.0,gpu_and_memory_workload,Average L2 Active Cycles,cycle,486070395.50
ft_sgemm_tall,5120.0,gpu_and_memory_workload,Total L2 Elapsed Cycles,cycle,1947207852
ft_sgemm_tall,5120.0,gpu_and_memory_workload,Average SM Active Cycles,cycle,486798057.88
ft_sgemm_tall,5120.0,gpu_and_memory_workload,Total SM Elapsed Cycles,cycle,3894486504
ft_sgemm_tall,5120.0,gpu_and_memory_workload,Average SMSP Active Cycles,cycle,486807761.03
ft_sgemm_tall,5120.0,gpu_and_memory_workload,Total SMSP Elapsed Cycles,cycle,15577946016
ft_sgemm_tall,6144.0,speed_of_light,SM Frequency,Mhz,408.00
ft_sgemm_tall,6144.0,speed_of_light,Elapsed Cycles,cycle,813040189
ft_sgemm_tall,6144.0,speed_of_light,Memory Throughput,%,98.21
ft_sgemm_tall,6144.0,speed_of_light,Duration,s,1.99
ft_sgemm_tall,6144.0,speed_of_light,L1/TEX Cache Throughput,%,98.21
ft_sgemm_tall,6144.0,speed_of_light,L2 Cache Throughput,%,34.31
ft_sgemm_tall,6144.0,speed_of_light,SM Active Cycles,cycle,813028271.12
ft_sgemm_tall,6144.0,speed_of_light,Compute (SM) Throughput,%,45.63
ft_sgemm_tall,6144.0,launch_statistics,Block Size,,128
ft_sgemm_tall,6144.0,launch_statistics,Function Cache Configuration,,CachePreferNone
ft_sgemm_tall,6144.0,launch_statistics,Grid Size,,9216
ft_sgemm_tall,6144.0,launch_statistics,Registers Per Thread,register/thread,95
ft_sgemm_tall,6144.0,launch_statistics,Shared Memory Configuration Size,Kbyte,102.40
ft_sgemm_tall,6144.0,launch_statistics,Driver Shared Memory Per Block,Kbyte/block,1.02
ft_sgemm_tall,6144.0,launch_statistics,Dynamic Shared Memory Per Block,byte/block,0
ft_sgemm_tall,6144.0,launch_statistics,Static Shared Memory Per Block,Kbyte/block,10.24
ft_sgemm_tall,6144.0,launch_statistics,# SMs,SM,8
ft_sgemm_tall,6144.0,launch_statistics,Threads,thread,1179648
ft_sgemm_tall,6144.0,launch_statistics,Uses Green Context,,0
ft_sgemm_tall,6144.0,launch_statistics,Waves Per SM,,230.40
ft_sgemm_tall,6144.0,occupancy,Block Limit SM,block,16
ft_sgemm_tall,6144.0,occupancy,Block Limit Registers,block,5
ft_sgemm_tall,6144.0,occupancy,Block Limit Shared Mem,block,9
ft_sgemm_tall,6144.0,occupancy,Block Limit Warps,block,12
ft_sgemm_tall,6144.0,occupancy,Theoretical Active Warps per SM,warp,20
ft_sgemm_tall,6144.0,occupancy,Theoretical Occupancy,%,41.67
ft_sgemm_tall,6144.0,occupancy,Achieved Occupancy,%,41.62
ft_sgemm_tall,6144.0,occupancy,Achieved Active Warps Per SM,warp,19.98
ft_sgemm_tall,6144.0,gpu_and_memory_workload,Average L1 Active Cycles,cycle,813028271.12
ft_sgemm_tall,6144.0,gpu_and_memory_workload,Total L1 Elapsed Cycles,cycle,6504213616
ft_sgemm_tall,6144.0,gpu_and_memory_workload,Average L2 Active Cycles,cycle,804212807
ft_sgemm_tall,6144.0,gpu_and_memory_workload,Total L2 Elapsed Cycles,cycle,3252160724
ft_sgemm_tall,6144.0,gpu_and_memory_workload,Average SM Active Cycles,cycle,813028271.12
ft_sgemm_tall,6144.0,gpu_and_memory_workload,Total SM Elapsed Cycles,cycle,6504213616
ft_sgemm_tall,6144.0,gpu_and_memory_workload,Average SMSP Active Cycles,cycle,813030676.44
ft_sgemm_tall,6144.0,gpu_and_memory_workload,Total SMSP Elapsed Cycles,cycle,26016854464
ft_sgemm_tall,7168.0,speed_of_light,SM Frequency,Mhz,407.80
ft_sgemm_tall,7168.0,speed_of_light,Elapsed Cycles,cycle,1296087584
ft_sgemm_tall,7168.0,speed_of_light,Memory Throughput,%,98.16
ft_sgemm_tall,7168.0,speed_of_light,Duration,s,3.18
ft_sgemm_tall,7168.0,speed_of_light,L1/TEX Cache Throughput,%,98.16
ft_sgemm_tall,7168.0,speed_of_light,L2 Cache Throughput,%,34.10
ft_sgemm_tall,7168.0,speed_of_light,SM Active Cycles,cycle,1296014114.38
ft_sgemm_tall,7168.0,speed_of_light,Compute (SM) Throughput,%,45.54
ft_sgemm_tall,7168.0,launch_statistics,Block Size,,128
ft_sgemm_tall,7168.0,launch_statistics,Function Cache Configuration,,CachePreferNone
ft_sgemm_tall,7168.0,launch_statistics,Grid Size,,12544
ft_sgemm_tall,7168.0,launch_statistics,Registers Per Thread,register/thread,95
ft_sgemm_tall,7168.0,launch_statistics,Shared Memory Configuration Size,Kbyte,102.40
ft_sgemm_tall,7168.0,launch_statistics,Driver Shared Memory Per Block,Kbyte/block,1.02
ft_sgemm_tall,7168.0,launch_statistics,Dynamic Shared Memory Per Block,byte/block,0
ft_sgemm_tall,7168.0,launch_statistics,Static Shared Memory Per Block,Kbyte/block,10.24
ft_sgemm_tall,7168.0,launch_statistics,# SMs,SM,8
ft_sgemm_tall,7168.0,launch_statistics,Threads,thread,1605632
ft_sgemm_tall,7168.0,launch_statistics,Uses Green Context,,0
ft_sgemm_tall,7168.0,launch_statistics,Waves Per SM,,313.60
ft_sgemm_tall,7168.0,occupancy,Block Limit SM,block,16
ft_sgemm_tall,7168.0,occupancy,Block Limit Registers,block,5
ft_sgemm_tall,7168.0,occupancy,Block Limit Shared Mem,block,9
ft_sgemm_tall,7168.0,occupancy,Block Limit Warps,block,12
ft_sgemm_tall,7168.0,occupancy,Theoretical Active Warps per SM,warp,20
ft_sgemm_tall,7168.0,occupancy,Theoretical Occupancy,%,41.67
ft_sgemm_tall,7168.0,occupancy,Achieved Occupancy,%,41.63
ft_sgemm_tall,7168.0,occupancy,Achieved Active Warps Per SM,warp,19.98
ft_sgemm_tall,7168.0,gpu_and_memory_workload,Average L1 Active Cycles,cycle,1296014114.38
ft_sgemm_tall,7168.0,gpu_and_memory_workload,Total L1 Elapsed Cycles,cycle,10368041736
ft_sgemm_tall,7168.0,gpu_and_memory_workload,Average L2 Active Cycles,cycle,1241794158
ft_sgemm_tall,7168.0,gpu_and_memory_workload,Total L2 Elapsed Cycles,cycle,5184350320
ft_sgemm_tall,7168.0,gpu_and_memory_workload,Average SM Active Cycles,cycle,1296014114.38
ft_sgemm_tall,7168.0,gpu_and_memory_workload,Total SM Elapsed Cycles,cycle,10368041736
ft_sgemm_tall,7168.0,gpu_and_memory_workload,Average SMSP Active Cycles,cycle,1295985996.97
ft_sgemm_tall,7168.0,gpu_and_memory_workload,Total SMSP Elapsed Cycles,cycle,41472166944
ft_sgemm_tall,8192.0,speed_of_light,SM Frequency,Mhz,408.00
ft_sgemm_tall,8192.0,speed_of_light,Elapsed Cycles,cycle,1926678959
ft_sgemm_tall,8192.0,speed_of_light,Memory Throughput,%,98.13
ft_sgemm_tall,8192.0,speed_of_light,Duration,s,4.72
ft_sgemm_tall,8192.0,speed_of_light,L1/TEX Cache Throughput,%,98.13
ft_sgemm_tall,8192.0,speed_of_light,L2 Cache Throughput,%,34.21
ft_sgemm_tall,8192.0,speed_of_light,SM Active Cycles,cycle,1926670158
ft_sgemm_tall,8192.0,speed_of_light,Compute (SM) Throughput,%,45.61
ft_sgemm_tall,8192.0,launch_statistics,Block Size,,128
ft_sgemm_tall,8192.0,launch_statistics,Function Cache Configuration,,CachePreferNone
ft_sgemm_tall,8192.0,launch_statistics,Grid Size,,16384
ft_sgemm_tall,8192.0,launch_statistics,Registers Per Thread,register/thread,95
ft_sgemm_tall,8192.0,launch_statistics,Shared Memory Configuration Size,Kbyte,102.40
ft_sgemm_tall,8192.0,launch_statistics,Driver Shared Memory Per Block,Kbyte/block,1.02
ft_sgemm_tall,8192.0,launch_statistics,Dynamic Shared Memory Per Block,byte/block,0
ft_sgemm_tall,8192.0,launch_statistics,Static Shared Memory Per Block,Kbyte/block,10.24
ft_sgemm_tall,8192.0,launch_statistics,# SMs,SM,8
ft_sgemm_tall,8192.0,launch_statistics,Threads,thread,2097152
ft_sgemm_tall,8192.0,launch_statistics,Uses Green Context,,0
ft_sgemm_tall,8192.0,launch_statistics,Waves Per SM,,409.60
ft_sgemm_tall,8192.0,occupancy,Block Limit SM,block,16
ft_sgemm_tall,8192.0,occupancy,Block Limit Registers,block,5
ft_sgemm_tall,8192.0,occupancy,Block Limit Shared Mem,block,9
ft_sgemm_tall,8192.0,occupancy,Block Limit Warps,block,12
ft_sgemm_tall,8192.0,occupancy,Theoretical Active Warps per SM,warp,20
ft_sgemm_tall,8192.0,occupancy,Theoretical Occupancy,%,41.67
ft_sgemm_tall,8192.0,occupancy,Achieved Occupancy,%,41.64
ft_sgemm_tall,8192.0,occupancy,Achieved Active Warps Per SM,warp,19.99
ft_sgemm_tall,8192.0,gpu_and_memory_workload,Average L1 Active Cycles,cycle,1926670158
ft_sgemm_tall,8192.0,gpu_and_memory_workload,Total L1 Elapsed Cycles,cycle,15413498352
ft_sgemm_tall,8192.0,gpu_and_memory_workload,Average L2 Active Cycles,cycle,1840115944.25
ft_sgemm_tall,8192.0,gpu_and_memory_workload,Total L2 Elapsed Cycles,cycle,7706715844
ft_sgemm_tall,8192.0,gpu_and_memory_workload,Average SM Active Cycles,cycle,1926670158
ft_sgemm_tall,8192.0,gpu_and_memory_workload,Total SM Elapsed Cycles,cycle,15413498352
ft_sgemm_tall,8192.0,gpu_and_memory_workload,Average SMSP Active Cycles,cycle,1926689367.25
ft_sgemm_tall,8192.0,gpu_and_memory_workload,Total SMSP Elapsed Cycles,cycle,61653993408
ft_sgemm_wide,1024.0,speed_of_light,SM Frequency,Mhz,306.00
ft_sgemm_wide,1024.0,speed_of_light,Elapsed Cycles,cycle,2716993
ft_sgemm_wide,1024.0,speed_of_light,Memory Throughput,%,90.97
ft_sgemm_wide,1024.0,speed_of_light,Duration,s,0.00888
ft_sgemm_wide,1024.0,speed_of_light,L1/TEX Cache Throughput,%,91.10
ft_sgemm_wide,1024.0,speed_of_light,L2 Cache Throughput,%,26.06
ft_sgemm_wide,1024.0,speed_of_light,SM Active Cycles,cycle,2702955.38
ft_sgemm_wide,1024.0,speed_of_light,Compute (SM) Throughput,%,64.15
ft_sgemm_wide,1024.0,launch_statistics,Block Size,,128
ft_sgemm_wide,1024.0,launch_statistics,Function Cache Configuration,,CachePreferNone
ft_sgemm_wide,1024.0,launch_statistics,Grid Size,,256
ft_sgemm_wide,1024.0,launch_statistics,Registers Per Thread,register/thread,90
ft_sgemm_wide,1024.0,launch_statistics,Shared Memory Configuration Size,Kbyte,102.40
ft_sgemm_wide,1024.0,launch_statistics,Driver Shared Memory Per Block,Kbyte/block,1.02
ft_sgemm_wide,1024.0,launch_statistics,Dynamic Shared Memory Per Block,byte/block,0
ft_sgemm_wide,1024.0,launch_statistics,Static Shared Memory Per Block,Kbyte/block,10.24
ft_sgemm_wide,1024.0,launch_statistics,# SMs,SM,8
ft_sgemm_wide,1024.0,launch_statistics,Threads,thread,32768
ft_sgemm_wide,1024.0,launch_statistics,Uses Green Context,,0
ft_sgemm_wide,1024.0,launch_statistics,Waves Per SM,,6.40
ft_sgemm_wide,1024.0,occupancy,Block Limit SM,block,16
ft_sgemm_wide,1024.0,occupancy,Block Limit Registers,block,5
ft_sgemm_wide,1024.0,occupancy,Block Limit Shared Mem,block,9
ft_sgemm_wide,1024.0,occupancy,Block Limit Warps,block,12
ft_sgemm_wide,1024.0,occupancy,Theoretical Active Warps per SM,warp,20
ft_sgemm_wide,1024.0,occupancy,Theoretical Occupancy,%,41.67
ft_sgemm_wide,1024.0,occupancy,Achieved Occupancy,%,40.17
ft_sgemm_wide,1024.0,occupancy,Achieved Active Warps Per SM,warp,19.28
ft_sgemm_wide,1024.0,gpu_and_memory_workload,Average L1 Active Cycles,cycle,2702955.38
ft_sgemm_wide,1024.0,gpu_and_memory_workload,Total L1 Elapsed Cycles,cycle,21654408
ft_sgemm_wide,1024.0,gpu_and_memory_workload,Average L2 Active Cycles,cycle,2682043
ft_sgemm_wide,1024.0,gpu_and_memory_workload,Total L2 Elapsed Cycles,cycle,10867952
ft_sgemm_wide,1024.0,gpu_and_memory_workload,Average SM Active Cycles,cycle,2702955.38
ft_sgemm_wide,1024.0,gpu_and_memory_workload,Total SM Elapsed Cycles,cycle,21654408
ft_sgemm_wide,1024.0,gpu_and_memory_workload,Average SMSP Active Cycles,cycle,2702694.19
ft_sgemm_wide,1024.0,gpu_and_memory_workload,Total SMSP Elapsed Cycles,cycle,86617632
ft_sgemm_wide,2048.0,speed_of_light,SM Frequency,Mhz,306.00
ft_sgemm_wide,2048.0,speed_of_light,Elapsed Cycles,cycle,21492106
ft_sgemm_wide,2048.0,speed_of_light,Memory Throughput,%,91.62
ft_sgemm_wide,2048.0,speed_of_light,Duration,s,0.07024
ft_sgemm_wide,2048.0,speed_of_light,L1/TEX Cache Throughput,%,91.89
ft_sgemm_wide,2048.0,speed_of_light,L2 Cache Throughput,%,26.83
ft_sgemm_wide,2048.0,speed_of_light,SM Active Cycles,cycle,21458531.88
ft_sgemm_wide,2048.0,speed_of_light,Compute (SM) Throughput,%,64.48
ft_sgemm_wide,2048.0,launch_statistics,Block Size,,128
ft_sgemm_wide,2048.0,launch_statistics,Function Cache Configuration,,CachePreferNone
ft_sgemm_wide,2048.0,launch_statistics,Grid Size,,1024
ft_sgemm_wide,2048.0,launch_statistics,Registers Per Thread,register/thread,90
ft_sgemm_wide,2048.0,launch_statistics,Shared Memory Configuration Size,Kbyte,102.40
ft_sgemm_wide,2048.0,launch_statistics,Driver Shared Memory Per Block,Kbyte/block,1.02
ft_sgemm_wide,2048.0,launch_statistics,Dynamic Shared Memory Per Block,byte/block,0
ft_sgemm_wide,2048.0,launch_statistics,Static Shared Memory Per Block,Kbyte/block,10.24
ft_sgemm_wide,2048.0,launch_statistics,# SMs,SM,8
ft_sgemm_wide,2048.0,launch_statistics,Threads,thread,131072
ft_sgemm_wide,2048.0,launch_statistics,Uses Green Context,,0
ft_sgemm_wide,2048.0,launch_statistics,Waves Per SM,,25.60
ft_sgemm_wide,2048.0,occupancy,Block Limit SM,block,16
ft_sgemm_wide,2048.0,occupancy,Block Limit Registers,block,5
ft_sgemm_wide,2048.0,occupancy,Block Limit Shared Mem,block,9
ft_sgemm_wide,2048.0,occupancy,Block Limit Warps,block,12
ft_sgemm_wide,2048.0,occupancy,Theoretical Active Warps per SM,warp,20
ft_sgemm_wide,2048.0,occupancy,Theoretical Occupancy,%,41.67
ft_sgemm_wide,2048.0,occupancy,Achieved Occupancy,%,41.29
ft_sgemm_wide,2048.0,occupancy,Achieved Active Warps Per SM,warp,19.82
ft_sgemm_wide,2048.0,gpu_and_memory_workload,Average L1 Active Cycles,cycle,21458531.88
ft_sgemm_wide,2048.0,gpu_and_memory_workload,Total L1 Elapsed Cycles,cycle,172162464
ft_sgemm_wide,2048.0,gpu_and_memory_workload,Average L2 Active Cycles,cycle,21321697.50
ft_sgemm_wide,2048.0,gpu_and_memory_workload,Total L2 Elapsed Cycles,cycle,85968436
ft_sgemm_wide,2048.0,gpu_and_memory_workload,Average SM Active Cycles,cycle,21458531.88
ft_sgemm_wide,2048.0,gpu_and_memory_workload,Total SM Elapsed Cycles,cycle,172162464
ft_sgemm_wide,2048.0,gpu_and_memory_workload,Average SMSP Active Cycles,cycle,21489545.25
ft_sgemm_wide,2048.0,gpu_and_memory_workload,Total SMSP Elapsed Cycles,cycle,688649856
ft_sgemm_wide,3072.0,speed_of_light,SM Frequency,Mhz,306.00
ft_sgemm_wide,3072.0,speed_of_light,Elapsed Cycles,cycle,70565891
ft_sgemm_wide,3072.0,speed_of_light,Memory Throughput,%,91.72
ft_sgemm_wide,3072.0,speed_of_light,Duration,s,0.23061
ft_sgemm_wide,3072.0,speed_of_light,L1/TEX Cache Throughput,%,91.91
ft_sgemm_wide,3072.0,speed_of_light,L2 Cache Throughput,%,27.45
ft_sgemm_wide,3072.0,speed_of_light,SM Active Cycles,cycle,70519453.38
ft_sgemm_wide,3072.0,speed_of_light,Compute (SM) Throughput,%,65.52
ft_sgemm_wide,3072.0,launch_statistics,Block Size,,128
ft_sgemm_wide,3072.0,launch_statistics,Function Cache Configuration,,CachePreferNone
ft_sgemm_wide,3072.0,launch_statistics,Grid Size,,2304
ft_sgemm_wide,3072.0,launch_statistics,Registers Per Thread,register/thread,90
ft_sgemm_wide,3072.0,launch_statistics,Shared Memory Configuration Size,Kbyte,102.40
ft_sgemm_wide,3072.0,launch_statistics,Driver Shared Memory Per Block,Kbyte/block,1.02
ft_sgemm_wide,3072.0,launch_statistics,Dynamic Shared Memory Per Block,byte/block,0
ft_sgemm_wide,3072.0,launch_statistics,Static Shared Memory Per Block,Kbyte/block,10.24
ft_sgemm_wide,3072.0,launch_statistics,# SMs,SM,8
ft_sgemm_wide,3072.0,launch_statistics,Threads,thread,294912
ft_sgemm_wide,3072.0,launch_statistics,Uses Green Context,,0
ft_sgemm_wide,3072.0,launch_statistics,Waves Per SM,,57.60
ft_sgemm_wide,3072.0,occupancy,Block Limit SM,block,16
ft_sgemm_wide,3072.0,occupancy,Block Limit Registers,block,5
ft_sgemm_wide,3072.0,occupancy,Block Limit Shared Mem,block,9
ft_sgemm_wide,3072.0,occupancy,Block Limit Warps,block,12
ft_sgemm_wide,3072.0,occupancy,Theoretical Active Warps per SM,warp,20
ft_sgemm_wide,3072.0,occupancy,Theoretical Occupancy,%,41.67
ft_sgemm_wide,3072.0,occupancy,Achieved Occupancy,%,41.49
ft_sgemm_wide,3072.0,occupancy,Achieved Active Warps Per SM,warp,19.92
ft_sgemm_wide,3072.0,gpu_and_memory_workload,Average L1 Active Cycles,cycle,70519453.38
ft_sgemm_wide,3072.0,gpu_and_memory_workload,Total L1 Elapsed Cycles,cycle,565307624
ft_sgemm_wide,3072.0,gpu_and_memory_workload,Average L2 Active Cycles,cycle,70155393.75
ft_sgemm_wide,3072.0,gpu_and_memory_workload,Total L2 Elapsed Cycles,cycle,282263560
ft_sgemm_wide,3072.0,gpu_and_memory_workload,Average SM Active Cycles,cycle,70519453.38
ft_sgemm_wide,3072.0,gpu_and_memory_workload,Total SM Elapsed Cycles,cycle,565307624
ft_sgemm_wide,3072.0,gpu_and_memory_workload,Average SMSP Active Cycles,cycle,70650243.84
ft_sgemm_wide,3072.0,gpu_and_memory_workload,Total SMSP Elapsed Cycles,cycle,2261230496
ft_sgemm_wide,4096.0,speed_of_light,SM Frequency,Mhz,406.52
ft_sgemm_wide,4096.0,speed_of_light,Elapsed Cycles,cycle,171530155
ft_sgemm_wide,4096.0,speed_of_light,Memory Throughput,%,91.77
ft_sgemm_wide,4096.0,speed_of_light,Duration,s,0.42195
ft_sgemm_wide,4096.0,speed_of_light,L1/TEX Cache Throughput,%,91.78
ft_sgemm_wide,4096.0,speed_of_light,L2 Cache Throughput,%,26.66
ft_sgemm_wide,4096.0,speed_of_light,SM Active Cycles,cycle,171353984.50
ft_sgemm_wide,4096.0,speed_of_light,Compute (SM) Throughput,%,64.65
ft_sgemm_wide,4096.0,launch_statistics,Block Size,,128
ft_sgemm_wide,4096.0,launch_statistics,Function Cache Configuration,,CachePreferNone
ft_sgemm_wide,4096.0,launch_statistics,Grid Size,,4096
ft_sgemm_wide,4096.0,launch_statistics,Registers Per Thread,register/thread,90
ft_sgemm_wide,4096.0,launch_statistics,Shared Memory Configuration Size,Kbyte,102.40
ft_sgemm_wide,4096.0,launch_statistics,Driver Shared Memory Per Block,Kbyte/block,1.02
ft_sgemm_wide,4096.0,launch_statistics,Dynamic Shared Memory Per Block,byte/block,0
ft_sgemm_wide,4096.0,launch_statistics,Static Shared Memory Per Block,Kbyte/block,10.24
ft_sgemm_wide,4096.0,launch_statistics,# SMs,SM,8
ft_sgemm_wide,4096.0,launch_statistics,Threads,thread,524288
ft_sgemm_wide,4096.0,launch_statistics,Uses Green Context,,0
ft_sgemm_wide,4096.0,launch_statistics,Waves Per SM,,102.40
ft_sgemm_wide,4096.0,occupancy,Block Limit SM,block,16
ft_sgemm_wide,4096.0,occupancy,Block Limit Registers,block,5
ft_sgemm_wide,4096.0,occupancy,Block Limit Shared Mem,block,9
ft_sgemm_wide,4096.0,occupancy,Block Limit Warps,block,12
ft_sgemm_wide,4096.0,occupancy,Theoretical Active Warps per SM,warp,20
ft_sgemm_wide,4096.0,occupancy,Theoretical Occupancy,%,41.67
ft_sgemm_wide,4096.0,occupancy,Achieved Occupancy,%,41.57
ft_sgemm_wide,4096.0,occupancy,Achieved Active Warps Per SM,warp,19.95
ft_sgemm_wide,4096.0,gpu_and_memory_workload,Average L1 Active Cycles,cycle,171353984.50
ft_sgemm_wide,4096.0,gpu_and_memory_workload,Total L1 Elapsed Cycles,cycle,1370979816
ft_sgemm_wide,4096.0,gpu_and_memory_workload,Average L2 Active Cycles,cycle,170124296
ft_sgemm_wide,4096.0,gpu_and_memory_workload,Total L2 Elapsed Cycles,cycle,686120712
ft_sgemm_wide,4096.0,gpu_and_memory_workload,Average SM Active Cycles,cycle,171353984.50
ft_sgemm_wide,4096.0,gpu_and_memory_workload,Total SM Elapsed Cycles,cycle,1370979816
ft_sgemm_wide,4096.0,gpu_and_memory_workload,Average SMSP Active Cycles,cycle,171372301.41
ft_sgemm_wide,4096.0,gpu_and_memory_workload,Total SMSP Elapsed Cycles,cycle,5483919264
ft_sgemm_wide,5120.0,speed_of_light,SM Frequency,Mhz,408.00
ft_sgemm_wide,5120.0,speed_of_light,Elapsed Cycles,cycle,341107124
ft_sgemm_wide,5120.0,speed_of_light,Memory Throughput,%,91.78
ft_sgemm_wide,5120.0,speed_of_light,Duration,s,0.83605
ft_sgemm_wide,5120.0,speed_of_light,L1/TEX Cache Throughput,%,91.78
ft_sgemm_wide,5120.0,speed_of_light,L2 Cache Throughput,%,26.08
ft_sgemm_wide,5120.0,speed_of_light,SM Active Cycles,cycle,341108298.38
ft_sgemm_wide,5120.0,speed_of_light,Compute (SM) Throughput,%,63.93
ft_sgemm_wide,5120.0,launch_statistics,Block Size,,128
ft_sgemm_wide,5120.0,launch_statistics,Function Cache Configuration,,CachePreferNone
ft_sgemm_wide,5120.0,launch_statistics,Grid Size,,6400
ft_sgemm_wide,5120.0,launch_statistics,Registers Per Thread,register/thread,90
ft_sgemm_wide,5120.0,launch_statistics,Shared Memory Configuration Size,Kbyte,102.40
ft_sgemm_wide,5120.0,launch_statistics,Driver Shared Memory Per Block,Kbyte/block,1.02
ft_sgemm_wide,5120.0,launch_statistics,Dynamic Shared Memory Per Block,byte/block,0
ft_sgemm_wide,5120.0,launch_statistics,Static Shared Memory Per Block,Kbyte/block,10.24
ft_sgemm_wide,5120.0,launch_statistics,# SMs,SM,8
ft_sgemm_wide,5120.0,launch_statistics,Threads,thread,819200
ft_sgemm_wide,5120.0,launch_statistics,Uses Green Context,,0
ft_sgemm_wide,5120.0,launch_statistics,Waves Per SM,,160
ft_sgemm_wide,5120.0,occupancy,Block Limit SM,block,16
ft_sgemm_wide,5120.0,occupancy,Block Limit Registers,block,5
ft_sgemm_wide,5120.0,occupancy,Block Limit Shared Mem,block,9
ft_sgemm_wide,5120.0,occupancy,Block Limit Warps,block,12
ft_sgemm_wide,5120.0,occupancy,Theoretical Active Warps per SM,warp,20
ft_sgemm_wide,5120.0,occupancy,Theoretical Occupancy,%,41.67
ft_sgemm_wide,5120.0,occupancy,Achieved Occupancy,%,41.60
ft_sgemm_wide,5120.0,occupancy,Achieved Active Warps Per SM,warp,19.97
ft_sgemm_wide,5120.0,gpu_and_memory_workload,Average L1 Active Cycles,cycle,341108298.38
ft_sgemm_wide,5120.0,gpu_and_memory_workload,Total L1 Elapsed Cycles,cycle,2728960304
ft_sgemm_wide,5120.0,gpu_and_memory_workload,Average L2 Active Cycles,cycle,337611576.75
ft_sgemm_wide,5120.0,gpu_and_memory_workload,Total L2 Elapsed Cycles,cycle,1364428488
ft_sgemm_wide,5120.0,gpu_and_memory_workload,Average SM Active Cycles,cycle,341108298.38
ft_sgemm_wide,5120.0,gpu_and_memory_workload,Total SM Elapsed Cycles,cycle,2728960304
ft_sgemm_wide,5120.0,gpu_and_memory_workload,Average SMSP Active Cycles,cycle,341099576.94
ft_sgemm_wide,5120.0,gpu_and_memory_workload,Total SMSP Elapsed Cycles,cycle,10915841216
ft_sgemm_wide,6144.0,speed_of_light,SM Frequency,Mhz,408.00
ft_sgemm_wide,6144.0,speed_of_light,Elapsed Cycles,cycle,587189959
ft_sgemm_wide,6144.0,speed_of_light,Memory Throughput,%,87.69
ft_sgemm_wide,6144.0,speed_of_light,Duration,s,1.44
ft_sgemm_wide,6144.0,speed_of_light,L1/TEX Cache Throughput,%,87.70
ft_sgemm_wide,6144.0,speed_of_light,L2 Cache Throughput,%,22.13
ft_sgemm_wide,6144.0,speed_of_light,SM Active Cycles,cycle,586993376.12
ft_sgemm_wide,6144.0,speed_of_light,Compute (SM) Throughput,%,62.90
ft_sgemm_wide,6144.0,launch_statistics,Block Size,,128
ft_sgemm_wide,6144.0,launch_statistics,Function Cache Configuration,,CachePreferNone
ft_sgemm_wide,6144.0,launch_statistics,Grid Size,,9216
ft_sgemm_wide,6144.0,launch_statistics,Registers Per Thread,register/thread,90
ft_sgemm_wide,6144.0,launch_statistics,Shared Memory Configuration Size,Kbyte,102.40
ft_sgemm_wide,6144.0,launch_statistics,Driver Shared Memory Per Block,Kbyte/block,1.02
ft_sgemm_wide,6144.0,launch_statistics,Dynamic Shared Memory Per Block,byte/block,0
ft_sgemm_wide,6144.0,launch_statistics,Static Shared Memory Per Block,Kbyte/block,10.24
ft_sgemm_wide,6144.0,launch_statistics,# SMs,SM,8
ft_sgemm_wide,6144.0,launch_statistics,Threads,thread,1179648
ft_sgemm_wide,6144.0,launch_statistics,Uses Green Context,,0
ft_sgemm_wide,6144.0,launch_statistics,Waves Per SM,,230.40
ft_sgemm_wide,6144.0,occupancy,Block Limit SM,block,16
ft_sgemm_wide,6144.0,occupancy,Block Limit Registers,block,5
ft_sgemm_wide,6144.0,occupancy,Block Limit Shared Mem,block,9
ft_sgemm_wide,6144.0,occupancy,Block Limit Warps,block,12
ft_sgemm_wide,6144.0,occupancy,Theoretical Active Warps per SM,warp,20
ft_sgemm_wide,6144.0,occupancy,Theoretical Occupancy,%,41.67
ft_sgemm_wide,6144.0,occupancy,Achieved Occupancy,%,41.60
ft_sgemm_wide,6144.0,occupancy,Achieved Active Warps Per SM,warp,19.97
ft_sgemm_wide,6144.0,gpu_and_memory_workload,Average L1 Active Cycles,cycle,586993376.12
ft_sgemm_wide,6144.0,gpu_and_memory_workload,Total L1 Elapsed Cycles,cycle,4696004936
ft_sgemm_wide,6144.0,gpu_and_memory_workload,Average L2 Active Cycles,cycle,516939522.25
ft_sgemm_wide,6144.0,gpu_and_memory_workload,Total L2 Elapsed Cycles,cycle,2348759812
ft_sgemm_wide,6144.0,gpu_and_memory_workload,Average SM Active Cycles,cycle,586993376.12
ft_sgemm_wide,6144.0,gpu_and_memory_workload,Total SM Elapsed Cycles,cycle,4696004936
ft_sgemm_wide,6144.0,gpu_and_memory_workload,Average SMSP Active Cycles,cycle,587004053.81
ft_sgemm_wide,6144.0,gpu_and_memory_workload,Total SMSP Elapsed Cycles,cycle,18784019744
ft_sgemm_wide,7168.0,speed_of_light,SM Frequency,Mhz,276.46
ft_sgemm_wide,7168.0,speed_of_light,Elapsed Cycles,cycle,907940393
ft_sgemm_wide,7168.0,speed_of_light,Memory Throughput,%,90.56
ft_sgemm_wide,7168.0,speed_of_light,Duration,s,3.28
ft_sgemm_wide,7168.0,speed_of_light,L1/TEX Cache Throughput,%,90.73
ft_sgemm_wide,7168.0,speed_of_light,L2 Cache Throughput,%,26.26
ft_sgemm_wide,7168.0,speed_of_light,SM Active Cycles,cycle,905855968.62
ft_sgemm_wide,7168.0,speed_of_light,Compute (SM) Throughput,%,64.73
ft_sgemm_wide,7168.0,launch_statistics,Block Size,,128
ft_sgemm_wide,7168.0,launch_statistics,Function Cache Configuration,,CachePreferNone
ft_sgemm_wide,7168.0,launch_statistics,Grid Size,,12544
ft_sgemm_wide,7168.0,launch_statistics,Registers Per Thread,register/thread,90
ft_sgemm_wide,7168.0,launch_statistics,Shared Memory Configuration Size,Kbyte,102.40
ft_sgemm_wide,7168.0,launch_statistics,Driver Shared Memory Per Block,Kbyte/block,1.02
ft_sgemm_wide,7168.0,launch_statistics,Dynamic Shared Memory Per Block,byte/block,0
ft_sgemm_wide,7168.0,launch_statistics,Static Shared Memory Per Block,Kbyte/block,10.24
ft_sgemm_wide,7168.0,launch_statistics,# SMs,SM,8
ft_sgemm_wide,7168.0,launch_statistics,Threads,thread,1605632
ft_sgemm_wide,7168.0,launch_statistics,Uses Green Context,,0
ft_sgemm_wide,7168.0,launch_statistics,Waves Per SM,,313.60
ft_sgemm_wide,7168.0,occupancy,Block Limit SM,block,16
ft_sgemm_wide,7168.0,occupancy,Block Limit Registers,block,5
ft_sgemm_wide,7168.0,occupancy,Block Limit Shared Mem,block,9
ft_sgemm_wide,7168.0,occupancy,Block Limit Warps,block,12
ft_sgemm_wide,7168.0,occupancy,Theoretical Active Warps per SM,warp,20
ft_sgemm_wide,7168.0,occupancy,Theoretical Occupancy,%,41.67
ft_sgemm_wide,7168.0,occupancy,Achieved Occupancy,%,41.63
ft_sgemm_wide,7168.0,occupancy,Achieved Active Warps Per SM,warp,19.98
ft_sgemm_wide,7168.0,gpu_and_memory_workload,Average L1 Active Cycles,cycle,905855968.62
ft_sgemm_wide,7168.0,gpu_and_memory_workload,Total L1 Elapsed Cycles,cycle,7260516472
ft_sgemm_wide,7168.0,gpu_and_memory_workload,Average L2 Active Cycles,cycle,834122094.50
ft_sgemm_wide,7168.0,gpu_and_memory_workload,Total L2 Elapsed Cycles,cycle,3631761488
ft_sgemm_wide,7168.0,gpu_and_memory_workload,Average SM Active Cycles,cycle,905855968.62
ft_sgemm_wide,7168.0,gpu_and_memory_workload,Total SM Elapsed Cycles,cycle,7260516472
ft_sgemm_wide,7168.0,gpu_and_memory_workload,Average SMSP Active Cycles,cycle,907894295.47
ft_sgemm_wide,7168.0,gpu_and_memory_workload,Total SMSP Elapsed Cycles,cycle,29042065888
ft_sgemm_wide,8192.0,speed_of_light,SM Frequency,Mhz,407.81
ft_sgemm_wide,8192.0,speed_of_light,Elapsed Cycles,cycle,1347056284
ft_sgemm_wide,8192.0,speed_of_light,Memory Throughput,%,90.48
ft_sgemm_wide,8192.0,speed_of_light,Duration,s,3.30
ft_sgemm_wide,8192.0,speed_of_light,L1/TEX Cache Throughput,%,90.51
ft_sgemm_wide,8192.0,speed_of_light,L2 Cache Throughput,%,26.97
ft_sgemm_wide,8192.0,speed_of_light,SM Active Cycles,cycle,1346636455.12
ft_sgemm_wide,8192.0,speed_of_light,Compute (SM) Throughput,%,64.92
ft_sgemm_wide,8192.0,launch_statistics,Block Size,,128
ft_sgemm_wide,8192.0,launch_statistics,Function Cache Configuration,,CachePreferNone
ft_sgemm_wide,8192.0,launch_statistics,Grid Size,,16384
ft_sgemm_wide,8192.0,launch_statistics,Registers Per Thread,register/thread,90
ft_sgemm_wide,8192.0,launch_statistics,Shared Memory Configuration Size,Kbyte,102.40
ft_sgemm_wide,8192.0,launch_statistics,Driver Shared Memory Per Block,Kbyte/block,1.02
ft_sgemm_wide,8192.0,launch_statistics,Dynamic Shared Memory Per Block,byte/block,0
ft_sgemm_wide,8192.0,launch_statistics,Static Shared Memory Per Block,Kbyte/block,10.24
ft_sgemm_wide,8192.0,launch_statistics,# SMs,SM,8
ft_sgemm_wide,8192.0,launch_statistics,Threads,thread,2097152
ft_sgemm_wide,8192.0,launch_statistics,Uses Green Context,,0
ft_sgemm_wide,8192.0,launch_statistics,Waves Per SM,,409.60
ft_sgemm_wide,8192.0,occupancy,Block Limit SM,block,16
ft_sgemm_wide,8192.0,occupancy,Block Limit Registers,block,5
ft_sgemm_wide,8192.0,occupancy,Block Limit Shared Mem,block,9
ft_sgemm_wide,8192.0,occupancy,Block Limit Warps,block,12
ft_sgemm_wide,8192.0,occupancy,Theoretical Active Warps per SM,warp,20
ft_sgemm_wide,8192.0,occupancy,Theoretical Occupancy,%,41.67
ft_sgemm_wide,8192.0,occupancy,Achieved Occupancy,%,41.64
ft_sgemm_wide,8192.0,occupancy,Achieved Active Warps Per SM,warp,19.99
ft_sgemm_wide,8192.0,gpu_and_memory_workload,Average L1 Active Cycles,cycle,1346636455.12
ft_sgemm_wide,8192.0,gpu_and_memory_workload,Total L1 Elapsed Cycles,cycle,10776384168
ft_sgemm_wide,8192.0,gpu_and_memory_workload,Average L2 Active Cycles,cycle,1323029282.75
ft_sgemm_wide,8192.0,gpu_and_memory_workload,Total L2 Elapsed Cycles,cycle,5388225112
ft_sgemm_wide,8192.0,gpu_and_memory_workload,Average SM Active Cycles,cycle,1346636455.12
ft_sgemm_wide,8192.0,gpu_and_memory_workload,Total SM Elapsed Cycles,cycle,10776384168
ft_sgemm_wide,8192.0,gpu_and_memory_workload,Average SMSP Active Cycles,cycle,1346898677.78
ft_sgemm_wide,8192.0,gpu_and_memory_workload,Total SMSP Elapsed Cycles,cycle,43105536672
ft_sgemm_huge,1024.0,speed_of_light,SM Frequency,Mhz,305.99
ft_sgemm_huge,1024.0,speed_of_light,Elapsed Cycles,cycle,1953249
ft_sgemm_huge,1024.0,speed_of_light,Memory Throughput,%,60.70
ft_sgemm_huge,1024.0,speed_of_light,Duration,s,0.00638
ft_sgemm_huge,1024.0,speed_of_light,L1/TEX Cache Throughput,%,60.80
ft_sgemm_huge,1024.0,speed_of_light,L2 Cache Throughput,%,21.85
ft_sgemm_huge,1024.0,speed_of_light,SM Active Cycles,cycle,1947803.50
ft_sgemm_huge,1024.0,speed_of_light,Compute (SM) Throughput,%,69.67
ft_sgemm_huge,1024.0,launch_statistics,Block Size,,256
ft_sgemm_huge,1024.0,launch_statistics,Function Cache Configuration,,CachePreferNone
ft_sgemm_huge,1024.0,launch_statistics,Grid Size,,64
ft_sgemm_huge,1024.0,launch_statistics,Registers Per Thread,register/thread,127
ft_sgemm_huge,1024.0,launch_statistics,Shared Memory Configuration Size,Kbyte,102.40
ft_sgemm_huge,1024.0,launch_statistics,Driver Shared Memory Per Block,Kbyte/block,1.02
ft_sgemm_huge,1024.0,launch_statistics,Dynamic Shared Memory Per Block,byte/block,0
ft_sgemm_huge,1024.0,launch_statistics,Static Shared Memory Per Block,Kbyte/block,16.38
ft_sgemm_huge,1024.0,launch_statistics,# SMs,SM,8
ft_sgemm_huge,1024.0,launch_statistics,Threads,thread,16384
ft_sgemm_huge,1024.0,launch_statistics,Uses Green Context,,0
ft_sgemm_huge,1024.0,launch_statistics,Waves Per SM,,4
ft_sgemm_huge,1024.0,occupancy,Block Limit SM,block,16
ft_sgemm_huge,1024.0,occupancy,Block Limit Registers,block,2
ft_sgemm_huge,1024.0,occupancy,Block Limit Shared Mem,block,5
ft_sgemm_huge,1024.0,occupancy,Block Limit Warps,block,6
ft_sgemm_huge,1024.0,occupancy,Theoretical Active Warps per SM,warp,16
ft_sgemm_huge,1024.0,occupancy,Theoretical Occupancy,%,33.33
ft_sgemm_huge,1024.0,occupancy,Achieved Occupancy,%,31.91
ft_sgemm_huge,1024.0,occupancy,Achieved Active Warps Per SM,warp,15.32
ft_sgemm_huge,1024.0,gpu_and_memory_workload,Average L1 Active Cycles,cycle,1947803.50
ft_sgemm_huge,1024.0,gpu_and_memory_workload,Total L1 Elapsed Cycles,cycle,15608208
ft_sgemm_huge,1024.0,gpu_and_memory_workload,Average L2 Active Cycles,cycle,1630225.50
ft_sgemm_huge,1024.0,gpu_and_memory_workload,Total L2 Elapsed Cycles,cycle,7812972
ft_sgemm_huge,1024.0,gpu_and_memory_workload,Average SM Active Cycles,cycle,1947803.50
ft_sgemm_huge,1024.0,gpu_and_memory_workload,Total SM Elapsed Cycles,cycle,15608208
ft_sgemm_huge,1024.0,gpu_and_memory_workload,Average SMSP Active Cycles,cycle,1942613.94
ft_sgemm_huge,1024.0,gpu_and_memory_workload,Total SMSP Elapsed Cycles,cycle,62432832
ft_sgemm_huge,2048.0,speed_of_light,SM Frequency,Mhz,306.00
ft_sgemm_huge,2048.0,speed_of_light,Elapsed Cycles,cycle,15211872
ft_sgemm_huge,2048.0,speed_of_light,Memory Throughput,%,61.84
ft_sgemm_huge,2048.0,speed_of_light,Duration,s,0.049710000000000004
ft_sgemm_huge,2048.0,speed_of_light,L1/TEX Cache Throughput,%,62.05
ft_sgemm_huge,2048.0,speed_of_light,L2 Cache Throughput,%,21.66
ft_sgemm_huge,2048.0,speed_of_light,SM Active Cycles,cycle,15200006.50
ft_sgemm_huge,2048.0,speed_of_light,Compute (SM) Throughput,%,71.30
ft_sgemm_huge,2048.0,launch_statistics,Block Size,,256
ft_sgemm_huge,2048.0,launch_statistics,Function Cache Configuration,,CachePreferNone
ft_sgemm_huge,2048.0,launch_statistics,Grid Size,,256
ft_sgemm_huge,2048.0,launch_statistics,Registers Per Thread,register/thread,127
ft_sgemm_huge,2048.0,launch_statistics,Shared Memory Configuration Size,Kbyte,102.40
ft_sgemm_huge,2048.0,launch_statistics,Driver Shared Memory Per Block,Kbyte/block,1.02
ft_sgemm_huge,2048.0,launch_statistics,Dynamic Shared Memory Per Block,byte/block,0
ft_sgemm_huge,2048.0,launch_statistics,Static Shared Memory Per Block,Kbyte/block,16.38
ft_sgemm_huge,2048.0,launch_statistics,# SMs,SM,8
ft_sgemm_huge,2048.0,launch_statistics,Threads,thread,65536
ft_sgemm_huge,2048.0,launch_statistics,Uses Green Context,,0
ft_sgemm_huge,2048.0,launch_statistics,Waves Per SM,,16
ft_sgemm_huge,2048.0,occupancy,Block Limit SM,block,16
ft_sgemm_huge,2048.0,occupancy,Block Limit Registers,block,2
ft_sgemm_huge,2048.0,occupancy,Block Limit Shared Mem,block,5
ft_sgemm_huge,2048.0,occupancy,Block Limit Warps,block,6
ft_sgemm_huge,2048.0,occupancy,Theoretical Active Warps per SM,warp,16
ft_sgemm_huge,2048.0,occupancy,Theoretical Occupancy,%,33.33
ft_sgemm_huge,2048.0,occupancy,Achieved Occupancy,%,32.95
ft_sgemm_huge,2048.0,occupancy,Achieved Active Warps Per SM,warp,15.81
ft_sgemm_huge,2048.0,gpu_and_memory_workload,Average L1 Active Cycles,cycle,15200006.50
ft_sgemm_huge,2048.0,gpu_and_memory_workload,Total L1 Elapsed Cycles,cycle,122011624
ft_sgemm_huge,2048.0,gpu_and_memory_workload,Average L2 Active Cycles,cycle,13304473.50
ft_sgemm_huge,2048.0,gpu_and_memory_workload,Total L2 Elapsed Cycles,cycle,60847408
ft_sgemm_huge,2048.0,gpu_and_memory_workload,Average SM Active Cycles,cycle,15200006.50
ft_sgemm_huge,2048.0,gpu_and_memory_workload,Total SM Elapsed Cycles,cycle,122011624
ft_sgemm_huge,2048.0,gpu_and_memory_workload,Average SMSP Active Cycles,cycle,15214481.62
ft_sgemm_huge,2048.0,gpu_and_memory_workload,Total SMSP Elapsed Cycles,cycle,488046496
ft_sgemm_huge,3072.0,speed_of_light,SM Frequency,Mhz,306.00
ft_sgemm_huge,3072.0,speed_of_light,Elapsed Cycles,cycle,50224861
ft_sgemm_huge,3072.0,speed_of_light,Memory Throughput,%,61.92
ft_sgemm_huge,3072.0,speed_of_light,Duration,s,0.16413
ft_sgemm_huge,3072.0,speed_of_light,L1/TEX Cache Throughput,%,62.07
ft_sgemm_huge,3072.0,speed_of_light,L2 Cache Throughput,%,21.44
ft_sgemm_huge,3072.0,speed_of_light,SM Active Cycles,cycle,50227612.88
ft_sgemm_huge,3072.0,speed_of_light,Compute (SM) Throughput,%,72.10
ft_sgemm_huge,3072.0,launch_statistics,Block Size,,256
ft_sgemm_huge,3072.0,launch_statistics,Function Cache Configuration,,CachePreferNone
ft_sgemm_huge,3072.0,launch_statistics,Grid Size,,576
ft_sgemm_huge,3072.0,launch_statistics,Registers Per Thread,register/thread,127
ft_sgemm_huge,3072.0,launch_statistics,Shared Memory Configuration Size,Kbyte,102.40
ft_sgemm_huge,3072.0,launch_statistics,Driver Shared Memory Per Block,Kbyte/block,1.02
ft_sgemm_huge,3072.0,launch_statistics,Dynamic Shared Memory Per Block,byte/block,0
ft_sgemm_huge,3072.0,launch_statistics,Static Shared Memory Per Block,Kbyte/block,16.38
ft_sgemm_huge,3072.0,launch_statistics,# SMs,SM,8
ft_sgemm_huge,3072.0,launch_statistics,Threads,thread,147456
ft_sgemm_huge,3072.0,launch_statistics,Uses Green Context,,0
ft_sgemm_huge,3072.0,launch_statistics,Waves Per SM,,36
ft_sgemm_huge,3072.0,occupancy,Block Limit SM,block,16
ft_sgemm_huge,3072.0,occupancy,Block Limit Registers,block,2
ft_sgemm_huge,3072.0,occupancy,Block Limit Shared Mem,block,5
ft_sgemm_huge,3072.0,occupancy,Block Limit Warps,block,6
ft_sgemm_huge,3072.0,occupancy,Theoretical Active Warps per SM,warp,16
ft_sgemm_huge,3072.0,occupancy,Theoretical Occupancy,%,33.33
ft_sgemm_huge,3072.0,occupancy,Achieved Occupancy,%,33.15
ft_sgemm_huge,3072.0,occupancy,Achieved Active Warps Per SM,warp,15.91
ft_sgemm_huge,3072.0,gpu_and_memory_workload,Average L1 Active Cycles,cycle,50227612.88
ft_sgemm_huge,3072.0,gpu_and_memory_workload,Total L1 Elapsed Cycles,cycle,402803976
ft_sgemm_huge,3072.0,gpu_and_memory_workload,Average L2 Active Cycles,cycle,45549620.75
ft_sgemm_huge,3072.0,gpu_and_memory_workload,Total L2 Elapsed Cycles,cycle,200898800
ft_sgemm_huge,3072.0,gpu_and_memory_workload,Average SM Active Cycles,cycle,50227612.88
ft_sgemm_huge,3072.0,gpu_and_memory_workload,Total SM Elapsed Cycles,cycle,402803976
ft_sgemm_huge,3072.0,gpu_and_memory_workload,Average SMSP Active Cycles,cycle,50334466.97
ft_sgemm_huge,3072.0,gpu_and_memory_workload,Total SMSP Elapsed Cycles,cycle,1611215904
ft_sgemm_huge,4096.0,speed_of_light,SM Frequency,Mhz,304.47
ft_sgemm_huge,4096.0,speed_of_light,Elapsed Cycles,cycle,120538889
ft_sgemm_huge,4096.0,speed_of_light,Memory Throughput,%,62.19
ft_sgemm_huge,4096.0,speed_of_light,Duration,s,0.3959
ft_sgemm_huge,4096.0,speed_of_light,L1/TEX Cache Throughput,%,62.22
ft_sgemm_huge,4096.0,speed_of_light,L2 Cache Throughput,%,20.52
ft_sgemm_huge,4096.0,speed_of_light,SM Active Cycles,cycle,120685971.50
ft_sgemm_huge,4096.0,speed_of_light,Compute (SM) Throughput,%,71.95
ft_sgemm_huge,4096.0,launch_statistics,Block Size,,256
ft_sgemm_huge,4096.0,launch_statistics,Function Cache Configuration,,CachePreferNone
ft_sgemm_huge,4096.0,launch_statistics,Grid Size,,1024
ft_sgemm_huge,4096.0,launch_statistics,Registers Per Thread,register/thread,127
ft_sgemm_huge,4096.0,launch_statistics,Shared Memory Configuration Size,Kbyte,102.40
ft_sgemm_huge,4096.0,launch_statistics,Driver Shared Memory Per Block,Kbyte/block,1.02
ft_sgemm_huge,4096.0,launch_statistics,Dynamic Shared Memory Per Block,byte/block,0
ft_sgemm_huge,4096.0,launch_statistics,Static Shared Memory Per Block,Kbyte/block,16.38
ft_sgemm_huge,4096.0,launch_statistics,# SMs,SM,8
ft_sgemm_huge,4096.0,launch_statistics,Threads,thread,262144
ft_sgemm_huge,4096.0,launch_statistics,Uses Green Context,,0
ft_sgemm_huge,4096.0,launch_statistics,Waves Per SM,,64
ft_sgemm_huge,4096.0,occupancy,Block Limit SM,block,16
ft_sgemm_huge,4096.0,occupancy,Block Limit Registers,block,2
ft_sgemm_huge,4096.0,occupancy,Block Limit Shared Mem,block,5
ft_sgemm_huge,4096.0,occupancy,Block Limit Warps,block,6
ft_sgemm_huge,4096.0,occupancy,Theoretical Active Warps per SM,warp,16
ft_sgemm_huge,4096.0,occupancy,Theoretical Occupancy,%,33.33
ft_sgemm_huge,4096.0,occupancy,Achieved Occupancy,%,33.23
ft_sgemm_huge,4096.0,occupancy,Achieved Active Warps Per SM,warp,15.95
ft_sgemm_huge,4096.0,gpu_and_memory_workload,Average L1 Active Cycles,cycle,120685971.50
ft_sgemm_huge,4096.0,gpu_and_memory_workload,Total L1 Elapsed Cycles,cycle,965997552
ft_sgemm_huge,4096.0,gpu_and_memory_workload,Average L2 Active Cycles,cycle,110121997.75
ft_sgemm_huge,4096.0,gpu_and_memory_workload,Total L2 Elapsed Cycles,cycle,482155520
ft_sgemm_huge,4096.0,gpu_and_memory_workload,Average SM Active Cycles,cycle,120685971.50
ft_sgemm_huge,4096.0,gpu_and_memory_workload,Total SM Elapsed Cycles,cycle,965997552
ft_sgemm_huge,4096.0,gpu_and_memory_workload,Average SMSP Active Cycles,cycle,120770886.34
ft_sgemm_huge,4096.0,gpu_and_memory_workload,Total SMSP Elapsed Cycles,cycle,3863990208
ft_sgemm_huge,5120.0,speed_of_light,SM Frequency,Mhz,408.00
ft_sgemm_huge,5120.0,speed_of_light,Elapsed Cycles,cycle,238504633
ft_sgemm_huge,5120.0,speed_of_light,Memory Throughput,%,62.31
ft_sgemm_huge,5120.0,speed_of_light,Duration,s,0.58457
ft_sgemm_huge,5120.0,speed_of_light,L1/TEX Cache Throughput,%,62.32
ft_sgemm_huge,5120.0,speed_of_light,L2 Cache Throughput,%,20.09
ft_sgemm_huge,5120.0,speed_of_light,SM Active Cycles,cycle,238518065.62
ft_sgemm_huge,5120.0,speed_of_light,Compute (SM) Throughput,%,71.70
ft_sgemm_huge,5120.0,launch_statistics,Block Size,,256
ft_sgemm_huge,5120.0,launch_statistics,Function Cache Configuration,,CachePreferNone
ft_sgemm_huge,5120.0,launch_statistics,Grid Size,,1600
ft_sgemm_huge,5120.0,launch_statistics,Registers Per Thread,register/thread,127
ft_sgemm_huge,5120.0,launch_statistics,Shared Memory Configuration Size,Kbyte,102.40
ft_sgemm_huge,5120.0,launch_statistics,Driver Shared Memory Per Block,Kbyte/block,1.02
ft_sgemm_huge,5120.0,launch_statistics,Dynamic Shared Memory Per Block,byte/block,0
ft_sgemm_huge,5120.0,launch_statistics,Static Shared Memory Per Block,Kbyte/block,16.38
ft_sgemm_huge,5120.0,launch_statistics,# SMs,SM,8
ft_sgemm_huge,5120.0,launch_statistics,Threads,thread,409600
ft_sgemm_huge,5120.0,launch_statistics,Uses Green Context,,0
ft_sgemm_huge,5120.0,launch_statistics,Waves Per SM,,100
ft_sgemm_huge,5120.0,occupancy,Block Limit SM,block,16
ft_sgemm_huge,5120.0,occupancy,Block Limit Registers,block,2
ft_sgemm_huge,5120.0,occupancy,Block Limit Shared Mem,block,5
ft_sgemm_huge,5120.0,occupancy,Block Limit Warps,block,6
ft_sgemm_huge,5120.0,occupancy,Theoretical Active Warps per SM,warp,16
ft_sgemm_huge,5120.0,occupancy,Theoretical Occupancy,%,33.33
ft_sgemm_huge,5120.0,occupancy,Achieved Occupancy,%,33.26
ft_sgemm_huge,5120.0,occupancy,Achieved Active Warps Per SM,warp,15.97
ft_sgemm_huge,5120.0,gpu_and_memory_workload,Average L1 Active Cycles,cycle,238518065.62
ft_sgemm_huge,5120.0,gpu_and_memory_workload,Total L1 Elapsed Cycles,cycle,1908252144
ft_sgemm_huge,5120.0,gpu_and_memory_workload,Average L2 Active Cycles,cycle,217281596.75
ft_sgemm_huge,5120.0,gpu_and_memory_workload,Total L2 Elapsed Cycles,cycle,954018524
ft_sgemm_huge,5120.0,gpu_and_memory_workload,Average SM Active Cycles,cycle,238518065.62
ft_sgemm_huge,5120.0,gpu_and_memory_workload,Total SM Elapsed Cycles,cycle,1908252144
ft_sgemm_huge,5120.0,gpu_and_memory_workload,Average SMSP Active Cycles,cycle,238529729.91
ft_sgemm_huge,5120.0,gpu_and_memory_workload,Total SMSP Elapsed Cycles,cycle,7633008576
ft_sgemm_huge,6144.0,speed_of_light,SM Frequency,Mhz,408.00
ft_sgemm_huge,6144.0,speed_of_light,Elapsed Cycles,cycle,399107735
ft_sgemm_huge,6144.0,speed_of_light,Memory Throughput,%,62.08
ft_sgemm_huge,6144.0,speed_of_light,Duration,s,0.97821
ft_sgemm_huge,6144.0,speed_of_light,L1/TEX Cache Throughput,%,62.11
ft_sgemm_huge,6144.0,speed_of_light,L2 Cache Throughput,%,21.91
ft_sgemm_huge,6144.0,speed_of_light,SM Active Cycles,cycle,399012495.88
ft_sgemm_huge,6144.0,speed_of_light,Compute (SM) Throughput,%,72.56
ft_sgemm_huge,6144.0,launch_statistics,Block Size,,256
ft_sgemm_huge,6144.0,launch_statistics,Function Cache Configuration,,CachePreferNone
ft_sgemm_huge,6144.0,launch_statistics,Grid Size,,2304
ft_sgemm_huge,6144.0,launch_statistics,Registers Per Thread,register/thread,127
ft_sgemm_huge,6144.0,launch_statistics,Shared Memory Configuration Size,Kbyte,102.40
ft_sgemm_huge,6144.0,launch_statistics,Driver Shared Memory Per Block,Kbyte/block,1.02
ft_sgemm_huge,6144.0,launch_statistics,Dynamic Shared Memory Per Block,byte/block,0
ft_sgemm_huge,6144.0,launch_statistics,Static Shared Memory Per Block,Kbyte/block,16.38
ft_sgemm_huge,6144.0,launch_statistics,# SMs,SM,8
ft_sgemm_huge,6144.0,launch_statistics,Threads,thread,589824
ft_sgemm_huge,6144.0,launch_statistics,Uses Green Context,,0
ft_sgemm_huge,6144.0,launch_statistics,Waves Per SM,,144
ft_sgemm_huge,6144.0,occupancy,Block Limit SM,block,16
ft_sgemm_huge,6144.0,occupancy,Block Limit Registers,block,2
ft_sgemm_huge,6144.0,occupancy,Block Limit Shared Mem,block,5
ft_sgemm_huge,6144.0,occupancy,Block Limit Warps,block,6
ft_sgemm_huge,6144.0,occupancy,Theoretical Active Warps per SM,warp,16
ft_sgemm_huge,6144.0,occupancy,Theoretical Occupancy,%,33.33
ft_sgemm_huge,6144.0,occupancy,Achieved Occupancy,%,33.28
ft_sgemm_huge,6144.0,occupancy,Achieved Active Warps Per SM,warp,15.98
ft_sgemm_huge,6144.0,gpu_and_memory_workload,Average L1 Active Cycles,cycle,399012495.88
ft_sgemm_huge,6144.0,gpu_and_memory_workload,Total L1 Elapsed Cycles,cycle,3193370024
ft_sgemm_huge,6144.0,gpu_and_memory_workload,Average L2 Active Cycles,cycle,369194684.75
ft_sgemm_huge,6144.0,gpu_and_memory_workload,Total L2 Elapsed Cycles,cycle,1596430900
ft_sgemm_huge,6144.0,gpu_and_memory_workload,Average SM Active Cycles,cycle,399012495.88
ft_sgemm_huge,6144.0,gpu_and_memory_workload,Total SM Elapsed Cycles,cycle,3193370024
ft_sgemm_huge,6144.0,gpu_and_memory_workload,Average SMSP Active Cycles,cycle,398964303.47
ft_sgemm_huge,6144.0,gpu_and_memory_workload,Total SMSP Elapsed Cycles,cycle,12773480096
ft_sgemm_huge,7168.0,speed_of_light,SM Frequency,Mhz,408.00
ft_sgemm_huge,7168.0,speed_of_light,Elapsed Cycles,cycle,635401157
ft_sgemm_huge,7168.0,speed_of_light,Memory Throughput,%,62.14
ft_sgemm_huge,7168.0,speed_of_light,Duration,s,1.56
ft_sgemm_huge,7168.0,speed_of_light,L1/TEX Cache Throughput,%,62.16
ft_sgemm_huge,7168.0,speed_of_light,L2 Cache Throughput,%,22.82
ft_sgemm_huge,7168.0,speed_of_light,SM Active Cycles,cycle,635112734.62
ft_sgemm_huge,7168.0,speed_of_light,Compute (SM) Throughput,%,72.54
ft_sgemm_huge,7168.0,launch_statistics,Block Size,,256
ft_sgemm_huge,7168.0,launch_statistics,Function Cache Configuration,,CachePreferNone
ft_sgemm_huge,7168.0,launch_statistics,Grid Size,,3136
ft_sgemm_huge,7168.0,launch_statistics,Registers Per Thread,register/thread,127
ft_sgemm_huge,7168.0,launch_statistics,Shared Memory Configuration Size,Kbyte,102.40
ft_sgemm_huge,7168.0,launch_statistics,Driver Shared Memory Per Block,Kbyte/block,1.02
ft_sgemm_huge,7168.0,launch_statistics,Dynamic Shared Memory Per Block,byte/block,0
ft_sgemm_huge,7168.0,launch_statistics,Static Shared Memory Per Block,Kbyte/block,16.38
ft_sgemm_huge,7168.0,launch_statistics,# SMs,SM,8
ft_sgemm_huge,7168.0,launch_statistics,Threads,thread,802816
ft_sgemm_huge,7168.0,launch_statistics,Uses Green Context,,0
ft_sgemm_huge,7168.0,launch_statistics,Waves Per SM,,196
ft_sgemm_huge,7168.0,occupancy,Block Limit SM,block,16
ft_sgemm_huge,7168.0,occupancy,Block Limit Registers,block,2
ft_sgemm_huge,7168.0,occupancy,Block Limit Shared Mem,block,5
ft_sgemm_huge,7168.0,occupancy,Block Limit Warps,block,6
ft_sgemm_huge,7168.0,occupancy,Theoretical Active Warps per SM,warp,16
ft_sgemm_huge,7168.0,occupancy,Theoretical Occupancy,%,33.33
ft_sgemm_huge,7168.0,occupancy,Achieved Occupancy,%,33.30
ft_sgemm_huge,7168.0,occupancy,Achieved Active Warps Per SM,warp,15.98
ft_sgemm_huge,7168.0,gpu_and_memory_workload,Average L1 Active Cycles,cycle,635112734.62
ft_sgemm_huge,7168.0,gpu_and_memory_workload,Total L1 Elapsed Cycles,cycle,5082712056
ft_sgemm_huge,7168.0,gpu_and_memory_workload,Average L2 Active Cycles,cycle,594670291.25
ft_sgemm_huge,7168.0,gpu_and_memory_workload,Total L2 Elapsed Cycles,cycle,2541604628
ft_sgemm_huge,7168.0,gpu_and_memory_workload,Average SM Active Cycles,cycle,635112734.62
ft_sgemm_huge,7168.0,gpu_and_memory_workload,Total SM Elapsed Cycles,cycle,5082712056
ft_sgemm_huge,7168.0,gpu_and_memory_workload,Average SMSP Active Cycles,cycle,635106486.91
ft_sgemm_huge,7168.0,gpu_and_memory_workload,Total SMSP Elapsed Cycles,cycle,20330848224
ft_sgemm_huge,8192.0,speed_of_light,SM Frequency,Mhz,408.00
ft_sgemm_huge,8192.0,speed_of_light,Elapsed Cycles,cycle,944083096
ft_sgemm_huge,8192.0,speed_of_light,Memory Throughput,%,62.12
ft_sgemm_huge,8192.0,speed_of_light,Duration,s,2.31
ft_sgemm_huge,8192.0,speed_of_light,L1/TEX Cache Throughput,%,62.14
ft_sgemm_huge,8192.0,speed_of_light,L2 Cache Throughput,%,23.20
ft_sgemm_huge,8192.0,speed_of_light,SM Active Cycles,cycle,943722587.75
ft_sgemm_huge,8192.0,speed_of_light,Compute (SM) Throughput,%,72.68
ft_sgemm_huge,8192.0,launch_statistics,Block Size,,256
ft_sgemm_huge,8192.0,launch_statistics,Function Cache Configuration,,CachePreferNone
ft_sgemm_huge,8192.0,launch_statistics,Grid Size,,4096
ft_sgemm_huge,8192.0,launch_statistics,Registers Per Thread,register/thread,127
ft_sgemm_huge,8192.0,launch_statistics,Shared Memory Configuration Size,Kbyte,102.40
ft_sgemm_huge,8192.0,launch_statistics,Driver Shared Memory Per Block,Kbyte/block,1.02
ft_sgemm_huge,8192.0,launch_statistics,Dynamic Shared Memory Per Block,byte/block,0
ft_sgemm_huge,8192.0,launch_statistics,Static Shared Memory Per Block,Kbyte/block,16.38
ft_sgemm_huge,8192.0,launch_statistics,# SMs,SM,8
ft_sgemm_huge,8192.0,launch_statistics,Threads,thread,1048576
ft_sgemm_huge,8192.0,launch_statistics,Uses Green Context,,0
ft_sgemm_huge,8192.0,launch_statistics,Waves Per SM,,256
ft_sgemm_huge,8192.0,occupancy,Block Limit SM,block,16
ft_sgemm_huge,8192.0,occupancy,Block Limit Registers,block,2
ft_sgemm_huge,8192.0,occupancy,Block Limit Shared Mem,block,5
ft_sgemm_huge,8192.0,occupancy,Block Limit Warps,block,6
ft_sgemm_huge,8192.0,occupancy,Theoretical Active Warps per SM,warp,16
ft_sgemm_huge,8192.0,occupancy,Theoretical Occupancy,%,33.33
ft_sgemm_huge,8192.0,occupancy,Achieved Occupancy,%,33.30
ft_sgemm_huge,8192.0,occupancy,Achieved Active Warps Per SM,warp,15.99
ft_sgemm_huge,8192.0,gpu_and_memory_workload,Average L1 Active Cycles,cycle,943722587.75
ft_sgemm_huge,8192.0,gpu_and_memory_workload,Total L1 Elapsed Cycles,cycle,7552382752
ft_sgemm_huge,8192.0,gpu_and_memory_workload,Average L2 Active Cycles,cycle,877448015.75
ft_sgemm_huge,8192.0,gpu_and_memory_workload,Total L2 Elapsed Cycles,cycle,3776332384
ft_sgemm_huge,8192.0,gpu_and_memory_workload,Average SM Active Cycles,cycle,943722587.75
ft_sgemm_huge,8192.0,gpu_and_memory_workload,Total SM Elapsed Cycles,cycle,7552382752
ft_sgemm_huge,8192.0,gpu_and_memory_workload,Average SMSP Active Cycles,cycle,943711270.47
ft_sgemm_huge,8192.0,gpu_and_memory_workload,Total SMSP Elapsed Cycles,cycle,30209531008
ft_sgemm_medium_96,1024.0,speed_of_light,SM Frequency,Mhz,305.99
ft_sgemm_medium_96,1024.0,speed_of_light,Elapsed Cycles,cycle,4187356
ft_sgemm_medium_96,1024.0,speed_of_light,Memory Throughput,%,87.94
ft_sgemm_medium_96,1024.0,speed_of_light,Duration,s,0.01368
ft_sgemm_medium_96,1024.0,speed_of_light,L1/TEX Cache Throughput,%,88.60
ft_sgemm_medium_96,1024.0,speed_of_light,L2 Cache Throughput,%,32.74
ft_sgemm_medium_96,1024.0,speed_of_light,SM Active Cycles,cycle,4133422.12
ft_sgemm_medium_96,1024.0,speed_of_light,Compute (SM) Throughput,%,63.21
ft_sgemm_medium_96,1024.0,launch_statistics,Block Size,,96
ft_sgemm_medium_96,1024.0,launch_statistics,Function Cache Configuration,,CachePreferNone
ft_sgemm_medium_96,1024.0,launch_statistics,Grid Size,,484
ft_sgemm_medium_96,1024.0,launch_statistics,Registers Per Thread,register/thread,64
ft_sgemm_medium_96,1024.0,launch_statistics,Shared Memory Configuration Size,Kbyte,65.54
ft_sgemm_medium_96,1024.0,launch_statistics,Driver Shared Memory Per Block,Kbyte/block,1.02
ft_sgemm_medium_96,1024.0,launch_statistics,Dynamic Shared Memory Per Block,byte/block,0
ft_sgemm_medium_96,1024.0,launch_statistics,Static Shared Memory Per Block,Kbyte/block,3.07
ft_sgemm_medium_96,1024.0,launch_statistics,# SMs,SM,8
ft_sgemm_medium_96,1024.0,launch_statistics,Threads,thread,46464
ft_sgemm_medium_96,1024.0,launch_statistics,Uses Green Context,,0
ft_sgemm_medium_96,1024.0,launch_statistics,Waves Per SM,,6.05
ft_sgemm_medium_96,1024.0,occupancy,Block Limit SM,block,16
ft_sgemm_medium_96,1024.0,occupancy,Block Limit Registers,block,10
ft_sgemm_medium_96,1024.0,occupancy,Block Limit Shared Mem,block,16
ft_sgemm_medium_96,1024.0,occupancy,Block Limit Warps,block,16
ft_sgemm_medium_96,1024.0,occupancy,Theoretical Active Warps per SM,warp,30
ft_sgemm_medium_96,1024.0,occupancy,Theoretical Occupancy,%,62.50
ft_sgemm_medium_96,1024.0,occupancy,Achieved Occupancy,%,59.52
ft_sgemm_medium_96,1024.0,occupancy,Achieved Active Warps Per SM,warp,28.57
ft_sgemm_medium_96,1024.0,gpu_and_memory_workload,Average L1 Active Cycles,cycle,4133422.12
ft_sgemm_medium_96,1024.0,gpu_and_memory_workload,Total L1 Elapsed Cycles,cycle,33314448
ft_sgemm_medium_96,1024.0,gpu_and_memory_workload,Average L2 Active Cycles,cycle,4113418.50
ft_sgemm_medium_96,1024.0,gpu_and_memory_workload,Total L2 Elapsed Cycles,cycle,16749440
ft_sgemm_medium_96,1024.0,gpu_and_memory_workload,Average SM Active Cycles,cycle,4133422.12
ft_sgemm_medium_96,1024.0,gpu_and_memory_workload,Total SM Elapsed Cycles,cycle,33314448
ft_sgemm_medium_96,1024.0,gpu_and_memory_workload,Average SMSP Active Cycles,cycle,4132300.03
ft_sgemm_medium_96,1024.0,gpu_and_memory_workload,Total SMSP Elapsed Cycles,cycle,133257792
ft_sgemm_medium_96,2048.0,speed_of_light,SM Frequency,Mhz,306.00
ft_sgemm_medium_96,2048.0,speed_of_light,Elapsed Cycles,cycle,31576395
ft_sgemm_medium_96,2048.0,speed_of_light,Memory Throughput,%,88.97
ft_sgemm_medium_96,2048.0,speed_of_light,Duration,s,0.10319
ft_sgemm_medium_96,2048.0,speed_of_light,L1/TEX Cache Throughput,%,89.37
ft_sgemm_medium_96,2048.0,speed_of_light,L2 Cache Throughput,%,33.08
ft_sgemm_medium_96,2048.0,speed_of_light,SM Active Cycles,cycle,31466012.88
ft_sgemm_medium_96,2048.0,speed_of_light,Compute (SM) Throughput,%,64.64
ft_sgemm_medium_96,2048.0,launch_statistics,Block Size,,96
ft_sgemm_medium_96,2048.0,launch_statistics,Function Cache Configuration,,CachePreferNone
ft_sgemm_medium_96,2048.0,launch_statistics,Grid Size,,1849
ft_sgemm_medium_96,2048.0,launch_statistics,Registers Per Thread,register/thread,64
ft_sgemm_medium_96,2048.0,launch_statistics,Shared Memory Configuration Size,Kbyte,65.54
ft_sgemm_medium_96,2048.0,launch_statistics,Driver Shared Memory Per Block,Kbyte/block,1.02
ft_sgemm_medium_96,2048.0,launch_statistics,Dynamic Shared Memory Per Block,byte/block,0
ft_sgemm_medium_96,2048.0,launch_statistics,Static Shared Memory Per Block,Kbyte/block,3.07
ft_sgemm_medium_96,2048.0,launch_statistics,# SMs,SM,8
ft_sgemm_medium_96,2048.0,launch_statistics,Threads,thread,177504
ft_sgemm_medium_96,2048.0,launch_statistics,Uses Green Context,,0
ft_sgemm_medium_96,2048.0,launch_statistics,Waves Per SM,,23.11
ft_sgemm_medium_96,2048.0,occupancy,Block Limit SM,block,16
ft_sgemm_medium_96,2048.0,occupancy,Block Limit Registers,block,10
ft_sgemm_medium_96,2048.0,occupancy,Block Limit Shared Mem,block,16
ft_sgemm_medium_96,2048.0,occupancy,Block Limit Warps,block,16
ft_sgemm_medium_96,2048.0,occupancy,Theoretical Active Warps per SM,warp,30
ft_sgemm_medium_96,2048.0,occupancy,Theoretical Occupancy,%,62.50
ft_sgemm_medium_96,2048.0,occupancy,Achieved Occupancy,%,61.67
ft_sgemm_medium_96,2048.0,occupancy,Achieved Active Warps Per SM,warp,29.60
ft_sgemm_medium_96,2048.0,gpu_and_memory_workload,Average L1 Active Cycles,cycle,31466012.88
ft_sgemm_medium_96,2048.0,gpu_and_memory_workload,Total L1 Elapsed Cycles,cycle,252850024
ft_sgemm_medium_96,2048.0,gpu_and_memory_workload,Average L2 Active Cycles,cycle,31583930
ft_sgemm_medium_96,2048.0,gpu_and_memory_workload,Total L2 Elapsed Cycles,cycle,126305564
ft_sgemm_medium_96,2048.0,gpu_and_memory_workload,Average SM Active Cycles,cycle,31466012.88
ft_sgemm_medium_96,2048.0,gpu_and_memory_workload,Total SM Elapsed Cycles,cycle,252850024
ft_sgemm_medium_96,2048.0,gpu_and_memory_workload,Average SMSP Active Cycles,cycle,31511267.34
ft_sgemm_medium_96,2048.0,gpu_and_memory_workload,Total SMSP Elapsed Cycles,cycle,1011400096
ft_sgemm_medium_96,3072.0,speed_of_light,SM Frequency,Mhz,306.00
ft_sgemm_medium_96,3072.0,speed_of_light,Elapsed Cycles,cycle,104537024
ft_sgemm_medium_96,3072.0,speed_of_light,Memory Throughput,%,89.55
ft_sgemm_medium_96,3072.0,speed_of_light,Duration,s,0.34162
ft_sgemm_medium_96,3072.0,speed_of_light,L1/TEX Cache Throughput,%,89.57
ft_sgemm_medium_96,3072.0,speed_of_light,L2 Cache Throughput,%,32.78
ft_sgemm_medium_96,3072.0,speed_of_light,SM Active Cycles,cycle,104635646.25
ft_sgemm_medium_96,3072.0,speed_of_light,Compute (SM) Throughput,%,65.21
ft_sgemm_medium_96,3072.0,launch_statistics,Block Size,,96
ft_sgemm_medium_96,3072.0,launch_statistics,Function Cache Configuration,,CachePreferNone
ft_sgemm_medium_96,3072.0,launch_statistics,Grid Size,,4096
ft_sgemm_medium_96,3072.0,launch_statistics,Registers Per Thread,register/thread,64
ft_sgemm_medium_96,3072.0,launch_statistics,Shared Memory Configuration Size,Kbyte,65.54
ft_sgemm_medium_96,3072.0,launch_statistics,Driver Shared Memory Per Block,Kbyte/block,1.02
ft_sgemm_medium_96,3072.0,launch_statistics,Dynamic Shared Memory Per Block,byte/block,0
ft_sgemm_medium_96,3072.0,launch_statistics,Static Shared Memory Per Block,Kbyte/block,3.07
ft_sgemm_medium_96,3072.0,launch_statistics,# SMs,SM,8
ft_sgemm_medium_96,3072.0,launch_statistics,Threads,thread,393216
ft_sgemm_medium_96,3072.0,launch_statistics,Uses Green Context,,0
ft_sgemm_medium_96,3072.0,launch_statistics,Waves Per SM,,51.20
ft_sgemm_medium_96,3072.0,occupancy,Block Limit SM,block,16
ft_sgemm_medium_96,3072.0,occupancy,Block Limit Registers,block,10
ft_sgemm_medium_96,3072.0,occupancy,Block Limit Shared Mem,block,16
ft_sgemm_medium_96,3072.0,occupancy,Block Limit Warps,block,16
ft_sgemm_medium_96,3072.0,occupancy,Theoretical Active Warps per SM,warp,30
ft_sgemm_medium_96,3072.0,occupancy,Theoretical Occupancy,%,62.50
ft_sgemm_medium_96,3072.0,occupancy,Achieved Occupancy,%,62.11
ft_sgemm_medium_96,3072.0,occupancy,Achieved Active Warps Per SM,warp,29.81
ft_sgemm_medium_96,3072.0,gpu_and_memory_workload,Average L1 Active Cycles,cycle,104635646.25
ft_sgemm_medium_96,3072.0,gpu_and_memory_workload,Total L1 Elapsed Cycles,cycle,837216288
ft_sgemm_medium_96,3072.0,gpu_and_memory_workload,Average L2 Active Cycles,cycle,104502533.50
ft_sgemm_medium_96,3072.0,gpu_and_memory_workload,Total L2 Elapsed Cycles,cycle,418148100
ft_sgemm_medium_96,3072.0,gpu_and_memory_workload,Average SM Active Cycles,cycle,104635646.25
ft_sgemm_medium_96,3072.0,gpu_and_memory_workload,Total SM Elapsed Cycles,cycle,837216288
ft_sgemm_medium_96,3072.0,gpu_and_memory_workload,Average SMSP Active Cycles,cycle,104629491.22
ft_sgemm_medium_96,3072.0,gpu_and_memory_workload,Total SMSP Elapsed Cycles,cycle,3348865152
ft_sgemm_medium_96,4096.0,speed_of_light,SM Frequency,Mhz,408.00
ft_sgemm_medium_96,4096.0,speed_of_light,Elapsed Cycles,cycle,251586322
ft_sgemm_medium_96,4096.0,speed_of_light,Memory Throughput,%,89.05
ft_sgemm_medium_96,4096.0,speed_of_light,Duration,s,0.61663
ft_sgemm_medium_96,4096.0,speed_of_light,L1/TEX Cache Throughput,%,89.09
ft_sgemm_medium_96,4096.0,speed_of_light,L2 Cache Throughput,%,34.95
ft_sgemm_medium_96,4096.0,speed_of_light,SM Active Cycles,cycle,251353092.25
ft_sgemm_medium_96,4096.0,speed_of_light,Compute (SM) Throughput,%,64.90
ft_sgemm_medium_96,4096.0,launch_statistics,Block Size,,96
ft_sgemm_medium_96,4096.0,launch_statistics,Function Cache Configuration,,CachePreferNone
ft_sgemm_medium_96,4096.0,launch_statistics,Grid Size,,7396
ft_sgemm_medium_96,4096.0,launch_statistics,Registers Per Thread,register/thread,64
ft_sgemm_medium_96,4096.0,launch_statistics,Shared Memory Configuration Size,Kbyte,65.54
ft_sgemm_medium_96,4096.0,launch_statistics,Driver Shared Memory Per Block,Kbyte/block,1.02
ft_sgemm_medium_96,4096.0,launch_statistics,Dynamic Shared Memory Per Block,byte/block,0
ft_sgemm_medium_96,4096.0,launch_statistics,Static Shared Memory Per Block,Kbyte/block,3.07
ft_sgemm_medium_96,4096.0,launch_statistics,# SMs,SM,8
ft_sgemm_medium_96,4096.0,launch_statistics,Threads,thread,710016
ft_sgemm_medium_96,4096.0,launch_statistics,Uses Green Context,,0
ft_sgemm_medium_96,4096.0,launch_statistics,Waves Per SM,,92.45
ft_sgemm_medium_96,4096.0,occupancy,Block Limit SM,block,16
ft_sgemm_medium_96,4096.0,occupancy,Block Limit Registers,block,10
ft_sgemm_medium_96,4096.0,occupancy,Block Limit Shared Mem,block,16
ft_sgemm_medium_96,4096.0,occupancy,Block Limit Warps,block,16
ft_sgemm_medium_96,4096.0,occupancy,Theoretical Active Warps per SM,warp,30
ft_sgemm_medium_96,4096.0,occupancy,Theoretical Occupancy,%,62.50
ft_sgemm_medium_96,4096.0,occupancy,Achieved Occupancy,%,62.29
ft_sgemm_medium_96,4096.0,occupancy,Achieved Active Warps Per SM,warp,29.90
ft_sgemm_medium_96,4096.0,gpu_and_memory_workload,Average L1 Active Cycles,cycle,251353092.25
ft_sgemm_medium_96,4096.0,gpu_and_memory_workload,Total L1 Elapsed Cycles,cycle,2011707720
ft_sgemm_medium_96,4096.0,gpu_and_memory_workload,Average L2 Active Cycles,cycle,251102087
ft_sgemm_medium_96,4096.0,gpu_and_memory_workload,Total L2 Elapsed Cycles,cycle,1006345300
ft_sgemm_medium_96,4096.0,gpu_and_memory_workload,Average SM Active Cycles,cycle,251353092.25
ft_sgemm_medium_96,4096.0,gpu_and_memory_workload,Total SM Elapsed Cycles,cycle,2011707720
ft_sgemm_medium_96,4096.0,gpu_and_memory_workload,Average SMSP Active Cycles,cycle,251335830.72
ft_sgemm_medium_96,4096.0,gpu_and_memory_workload,Total SMSP Elapsed Cycles,cycle,8046830880
ft_sgemm_medium_96,5120.0,speed_of_light,SM Frequency,Mhz,408.00
ft_sgemm_medium_96,5120.0,speed_of_light,Elapsed Cycles,cycle,485144817
ft_sgemm_medium_96,5120.0,speed_of_light,Memory Throughput,%,89.47
ft_sgemm_medium_96,5120.0,speed_of_light,Duration,s,1.19
ft_sgemm_medium_96,5120.0,speed_of_light,L1/TEX Cache Throughput,%,89.51
ft_sgemm_medium_96,5120.0,speed_of_light,L2 Cache Throughput,%,32.63
ft_sgemm_medium_96,5120.0,speed_of_light,SM Active Cycles,cycle,485005419.12
ft_sgemm_medium_96,5120.0,speed_of_light,Compute (SM) Throughput,%,65.32
ft_sgemm_medium_96,5120.0,launch_statistics,Block Size,,96
ft_sgemm_medium_96,5120.0,launch_statistics,Function Cache Configuration,,CachePreferNone
ft_sgemm_medium_96,5120.0,launch_statistics,Grid Size,,11449
ft_sgemm_medium_96,5120.0,launch_statistics,Registers Per Thread,register/thread,64
ft_sgemm_medium_96,5120.0,launch_statistics,Shared Memory Configuration Size,Kbyte,65.54
ft_sgemm_medium_96,5120.0,launch_statistics,Driver Shared Memory Per Block,Kbyte/block,1.02
ft_sgemm_medium_96,5120.0,launch_statistics,Dynamic Shared Memory Per Block,byte/block,0
ft_sgemm_medium_96,5120.0,launch_statistics,Static Shared Memory Per Block,Kbyte/block,3.07
ft_sgemm_medium_96,5120.0,launch_statistics,# SMs,SM,8
ft_sgemm_medium_96,5120.0,launch_statistics,Threads,thread,1099104
ft_sgemm_medium_96,5120.0,launch_statistics,Uses Green Context,,0
ft_sgemm_medium_96,5120.0,launch_statistics,Waves Per SM,,143.11
ft_sgemm_medium_96,5120.0,occupancy,Block Limit SM,block,16
ft_sgemm_medium_96,5120.0,occupancy,Block Limit Registers,block,10
ft_sgemm_medium_96,5120.0,occupancy,Block Limit Shared Mem,block,16
ft_sgemm_medium_96,5120.0,occupancy,Block Limit Warps,block,16
ft_sgemm_medium_96,5120.0,occupancy,Theoretical Active Warps per SM,warp,30
ft_sgemm_medium_96,5120.0,occupancy,Theoretical Occupancy,%,62.50
ft_sgemm_medium_96,5120.0,occupancy,Achieved Occupancy,%,62.36
ft_sgemm_medium_96,5120.0,occupancy,Achieved Active Warps Per SM,warp,29.93
ft_sgemm_medium_96,5120.0,gpu_and_memory_workload,Average L1 Active Cycles,cycle,485005419.12
ft_sgemm_medium_96,5120.0,gpu_and_memory_workload,Total L1 Elapsed Cycles,cycle,3881508696
ft_sgemm_medium_96,5120.0,gpu_and_memory_workload,Average L2 Active Cycles,cycle,484128385.25
ft_sgemm_medium_96,5120.0,gpu_and_memory_workload,Total L2 Elapsed Cycles,cycle,1940579240
ft_sgemm_medium_96,5120.0,gpu_and_memory_workload,Average SM Active Cycles,cycle,485005419.12
ft_sgemm_medium_96,5120.0,gpu_and_memory_workload,Total SM Elapsed Cycles,cycle,3881508696
ft_sgemm_medium_96,5120.0,gpu_and_memory_workload,Average SMSP Active Cycles,cycle,484938566.69
ft_sgemm_medium_96,5120.0,gpu_and_memory_workload,Total SMSP Elapsed Cycles,cycle,15526034784
ft_sgemm_medium_96,6144.0,speed_of_light,SM Frequency,Mhz,408.00
ft_sgemm_medium_96,6144.0,speed_of_light,Elapsed Cycles,cycle,847079243
ft_sgemm_medium_96,6144.0,speed_of_light,Memory Throughput,%,88.19
ft_sgemm_medium_96,6144.0,speed_of_light,Duration,s,2.08
ft_sgemm_medium_96,6144.0,speed_of_light,L1/TEX Cache Throughput,%,88.18
ft_sgemm_medium_96,6144.0,speed_of_light,L2 Cache Throughput,%,32.22
ft_sgemm_medium_96,6144.0,speed_of_light,SM Active Cycles,cycle,847273875.88
ft_sgemm_medium_96,6144.0,speed_of_light,Compute (SM) Throughput,%,64.40
ft_sgemm_medium_96,6144.0,launch_statistics,Block Size,,96
ft_sgemm_medium_96,6144.0,launch_statistics,Function Cache Configuration,,CachePreferNone
ft_sgemm_medium_96,6144.0,launch_statistics,Grid Size,,16384
ft_sgemm_medium_96,6144.0,launch_statistics,Registers Per Thread,register/thread,64
ft_sgemm_medium_96,6144.0,launch_statistics,Shared Memory Configuration Size,Kbyte,65.54
ft_sgemm_medium_96,6144.0,launch_statistics,Driver Shared Memory Per Block,Kbyte/block,1.02
ft_sgemm_medium_96,6144.0,launch_statistics,Dynamic Shared Memory Per Block,byte/block,0
ft_sgemm_medium_96,6144.0,launch_statistics,Static Shared Memory Per Block,Kbyte/block,3.07
ft_sgemm_medium_96,6144.0,launch_statistics,# SMs,SM,8
ft_sgemm_medium_96,6144.0,launch_statistics,Threads,thread,1572864
ft_sgemm_medium_96,6144.0,launch_statistics,Uses Green Context,,0
ft_sgemm_medium_96,6144.0,launch_statistics,Waves Per SM,,204.80
ft_sgemm_medium_96,6144.0,occupancy,Block Limit SM,block,16
ft_sgemm_medium_96,6144.0,occupancy,Block Limit Registers,block,10
ft_sgemm_medium_96,6144.0,occupancy,Block Limit Shared Mem,block,16
ft_sgemm_medium_96,6144.0,occupancy,Block Limit Warps,block,16
ft_sgemm_medium_96,6144.0,occupancy,Theoretical Active Warps per SM,warp,30
ft_sgemm_medium_96,6144.0,occupancy,Theoretical Occupancy,%,62.50
ft_sgemm_medium_96,6144.0,occupancy,Achieved Occupancy,%,62.40
ft_sgemm_medium_96,6144.0,occupancy,Achieved Active Warps Per SM,warp,29.95
ft_sgemm_medium_96,6144.0,gpu_and_memory_workload,Average L1 Active Cycles,cycle,847273875.88
ft_sgemm_medium_96,6144.0,gpu_and_memory_workload,Total L1 Elapsed Cycles,cycle,6776761696
ft_sgemm_medium_96,6144.0,gpu_and_memory_workload,Average L2 Active Cycles,cycle,831815303.25
ft_sgemm_medium_96,6144.0,gpu_and_memory_workload,Total L2 Elapsed Cycles,cycle,3388316940
ft_sgemm_medium_96,6144.0,gpu_and_memory_workload,Average SM Active Cycles,cycle,847273875.88
ft_sgemm_medium_96,6144.0,gpu_and_memory_workload,Total SM Elapsed Cycles,cycle,6776761696
ft_sgemm_medium_96,6144.0,gpu_and_memory_workload,Average SMSP Active Cycles,cycle,847111807.56
ft_sgemm_medium_96,6144.0,gpu_and_memory_workload,Total SMSP Elapsed Cycles,cycle,27107046784
ft_sgemm_medium_96,7168.0,speed_of_light,SM Frequency,Mhz,407.82
ft_sgemm_medium_96,7168.0,speed_of_light,Elapsed Cycles,cycle,1389643766
ft_sgemm_medium_96,7168.0,speed_of_light,Memory Throughput,%,86.00
ft_sgemm_medium_96,7168.0,speed_of_light,Duration,s,3.41
ft_sgemm_medium_96,7168.0,speed_of_light,L1/TEX Cache Throughput,%,86.19
ft_sgemm_medium_96,7168.0,speed_of_light,L2 Cache Throughput,%,34.68
ft_sgemm_medium_96,7168.0,speed_of_light,SM Active Cycles,cycle,1383147610.50
ft_sgemm_medium_96,7168.0,speed_of_light,Compute (SM) Throughput,%,62.82
ft_sgemm_medium_96,7168.0,launch_statistics,Block Size,,96
ft_sgemm_medium_96,7168.0,launch_statistics,Function Cache Configuration,,CachePreferNone
ft_sgemm_medium_96,7168.0,launch_statistics,Grid Size,,22500
ft_sgemm_medium_96,7168.0,launch_statistics,Registers Per Thread,register/thread,64
ft_sgemm_medium_96,7168.0,launch_statistics,Shared Memory Configuration Size,Kbyte,65.54
ft_sgemm_medium_96,7168.0,launch_statistics,Driver Shared Memory Per Block,Kbyte/block,1.02
ft_sgemm_medium_96,7168.0,launch_statistics,Dynamic Shared Memory Per Block,byte/block,0
ft_sgemm_medium_96,7168.0,launch_statistics,Static Shared Memory Per Block,Kbyte/block,3.07
ft_sgemm_medium_96,7168.0,launch_statistics,# SMs,SM,8
ft_sgemm_medium_96,7168.0,launch_statistics,Threads,thread,2160000
ft_sgemm_medium_96,7168.0,launch_statistics,Uses Green Context,,0
ft_sgemm_medium_96,7168.0,launch_statistics,Waves Per SM,,281.25
ft_sgemm_medium_96,7168.0,occupancy,Block Limit SM,block,16
ft_sgemm_medium_96,7168.0,occupancy,Block Limit Registers,block,10
ft_sgemm_medium_96,7168.0,occupancy,Block Limit Shared Mem,block,16
ft_sgemm_medium_96,7168.0,occupancy,Block Limit Warps,block,16
ft_sgemm_medium_96,7168.0,occupancy,Theoretical Active Warps per SM,warp,30
ft_sgemm_medium_96,7168.0,occupancy,Theoretical Occupancy,%,62.50
ft_sgemm_medium_96,7168.0,occupancy,Achieved Occupancy,%,62.43
ft_sgemm_medium_96,7168.0,occupancy,Achieved Active Warps Per SM,warp,29.97
ft_sgemm_medium_96,7168.0,gpu_and_memory_workload,Average L1 Active Cycles,cycle,1383147610.50
ft_sgemm_medium_96,7168.0,gpu_and_memory_workload,Total L1 Elapsed Cycles,cycle,11089141336
ft_sgemm_medium_96,7168.0,gpu_and_memory_workload,Average L2 Active Cycles,cycle,1383711790
ft_sgemm_medium_96,7168.0,gpu_and_memory_workload,Total L2 Elapsed Cycles,cycle,5558575092
ft_sgemm_medium_96,7168.0,gpu_and_memory_workload,Average SM Active Cycles,cycle,1383147610.50
ft_sgemm_medium_96,7168.0,gpu_and_memory_workload,Total SM Elapsed Cycles,cycle,11089141336
ft_sgemm_medium_96,7168.0,gpu_and_memory_workload,Average SMSP Active Cycles,cycle,1386033610.91
ft_sgemm_medium_96,7168.0,gpu_and_memory_workload,Total SMSP Elapsed Cycles,cycle,44356565344
ft_sgemm_medium_96,8192.0,speed_of_light,SM Frequency,Mhz,408.00
ft_sgemm_medium_96,8192.0,speed_of_light,Elapsed Cycles,cycle,2290769045
ft_sgemm_medium_96,8192.0,speed_of_light,Memory Throughput,%,75.40
ft_sgemm_medium_96,8192.0,speed_of_light,Duration,s,5.61
ft_sgemm_medium_96,8192.0,speed_of_light,L1/TEX Cache Throughput,%,76.12
ft_sgemm_medium_96,8192.0,speed_of_light,L2 Cache Throughput,%,30.88
ft_sgemm_medium_96,8192.0,speed_of_light,SM Active Cycles,cycle,2326831910.25
ft_sgemm_medium_96,8192.0,speed_of_light,Compute (SM) Throughput,%,55.16
ft_sgemm_medium_96,8192.0,launch_statistics,Block Size,,96
ft_sgemm_medium_96,8192.0,launch_statistics,Function Cache Configuration,,CachePreferNone
ft_sgemm_medium_96,8192.0,launch_statistics,Grid Size,,29241
ft_sgemm_medium_96,8192.0,launch_statistics,Registers Per Thread,register/thread,64
ft_sgemm_medium_96,8192.0,launch_statistics,Shared Memory Configuration Size,Kbyte,65.54
ft_sgemm_medium_96,8192.0,launch_statistics,Driver Shared Memory Per Block,Kbyte/block,1.02
ft_sgemm_medium_96,8192.0,launch_statistics,Dynamic Shared Memory Per Block,byte/block,0
ft_sgemm_medium_96,8192.0,launch_statistics,Static Shared Memory Per Block,Kbyte/block,3.07
ft_sgemm_medium_96,8192.0,launch_statistics,# SMs,SM,8
ft_sgemm_medium_96,8192.0,launch_statistics,Threads,thread,2807136
ft_sgemm_medium_96,8192.0,launch_statistics,Uses Green Context,,0
ft_sgemm_medium_96,8192.0,launch_statistics,Waves Per SM,,365.51
ft_sgemm_medium_96,8192.0,occupancy,Block Limit SM,block,16
ft_sgemm_medium_96,8192.0,occupancy,Block Limit Registers,block,10
ft_sgemm_medium_96,8192.0,occupancy,Block Limit Shared Mem,block,16
ft_sgemm_medium_96,8192.0,occupancy,Block Limit Warps,block,16
ft_sgemm_medium_96,8192.0,occupancy,Theoretical Active Warps per SM,warp,30
ft_sgemm_medium_96,8192.0,occupancy,Theoretical Occupancy,%,62.50
ft_sgemm_medium_96,8192.0,occupancy,Achieved Occupancy,%,62.44
ft_sgemm_medium_96,8192.0,occupancy,Achieved Active Warps Per SM,warp,29.97
ft_sgemm_medium_96,8192.0,gpu_and_memory_workload,Average L1 Active Cycles,cycle,2326831910.25
ft_sgemm_medium_96,8192.0,gpu_and_memory_workload,Total L1 Elapsed Cycles,cycle,18791278000
ft_sgemm_medium_96,8192.0,gpu_and_memory_workload,Average L2 Active Cycles,cycle,2316181943.75
ft_sgemm_medium_96,8192.0,gpu_and_memory_workload,Total L2 Elapsed Cycles,cycle,9163076176
ft_sgemm_medium_96,8192.0,gpu_and_memory_workload,Average SM Active Cycles,cycle,2326831910.25
ft_sgemm_medium_96,8192.0,gpu_and_memory_workload,Total SM Elapsed Cycles,cycle,18791278000
ft_sgemm_medium_96,8192.0,gpu_and_memory_workload,Average SMSP Active Cycles,cycle,2298192753.50
ft_sgemm_medium_96,8192.0,gpu_and_memory_workload,Total SMSP Elapsed Cycles,cycle,75165112000
